address,maxClaimable
0x8935D4CCbf09479EBB86efaDf8077eDBa84AcFb8,1
0x9e72f7CAbC9eADdDB179D6d6781a0ae3aBCE6E7B,1
0x1d935f516D5008Ff3153ab789258Bf5d8cF604f5,1
0xa7b99c55c7b6f31b3e2c19059f07697e0869e18d,1
0x714e075198636956785b4cc08be1c70d9361c445,1
0xe44013ad5f12f31cd0928336cdfa56800e9058ff,1
0xd91E1CFfb585Fa81F7721A88A6e18A112fdd4e31,1
0x2E65f336Ab542Af241973950bf72043646d91812,1
0x9CEcD002615F59af0AfB2F82241D274FB01F810C,1
0x308094E17617D9C04b5F224bA7f9e57420C8744D,1
0x6d9ed472Da62B604eD479026185995889ae8f80e,1
0xB0990FCB6807195EDa4Cce47517e99FBc6F80e53,1
0xC952C0b4d204E2F6EB8A0fE932bCa6Ef3b5EBe29,1
0x034020b6A9A51eC41aBAf0485E71cE5901fAf258,1
0x0C9Abd4682b3Db014679b0508fEe321A8B5CD5a6,1
0xca7DC3C115E7c8b8990b8A06b7111496a501F976,1
0x0c5e716623aA5114583525a5371829e08D17bE9A,1
0xFD01BD1368335EfaA5329F6d48a5E6f74389A3eE,1
0xd389e3272bE2dd07aCa708dd4055d7d5C2F94883,1
0x017D0245f891CC370b4bffbc67A2800472420683,1
0xC4884873ca51A309FAc8F308a44FcA4D5df6721A,1
0x70467DcA8FBb9b13EfBCa52C9B3450B0517927F4,1
0xDB5Df77973d383cdd8873Def4e89dC779aA36c85,1
0x0E11C0A91e78d62eED6B081dfb22e217aD27394F,1
0xf5b6F869D96164c323C12b7ba8739B2fb20e8EDc,1
0x7B2C1B566a5842Bc5934c3bb20bF191286b18168,1
0xc1f09292646A0Ea37E7F654a9B3E1fd6B78C1a05,1
0x194A9e04297EcfeD908BC4bAd973940aE8718a96,1
0x4B2F964fE6F094d5774a2100139C6C91C9023f87,1
0x9729e5e7b6bb1dc06c1c26814f67befd0f52b622,1
0xA4Adc8AbE09cf3c06f353576c2E9886eef815ebE,1
0xC77E307382B926CC9CB71aE6688279A39D88B59e,1
0x6cd093bFF25AF011b3b6AB024Ffeaad211BdF6cA,1
0xA050dB47160Cd522D8C72066eE9C162cB4d49cAc,1
0x694907C6aeeeF4C3cD3fbFFf0E92E6741A68467C,1
0x669b64080CC8b0FF5deB29DDc0DB4C43E08990E6,1
0x92CBB2fa794Bc677D6c254E3bE08a557b6e92050,1
0x980383Dc992be06e23bAca07230a591266772D4E,1
0xBb6f4CFC66356b64bB6b05Ac5e36b1FF76471054,1
0x660037abc31a6f279c601D80D1507c4885C655A5,1
0x1b6e27DD687fad9bfb7041F064cFD478e1D9bcEa,1
0xE6692331133A9775438e7a96B19bF27984901C49,1
0x1eb1f1b8a8579fa38d06c4326514d3977976f989,1
0x75651cca3847b0d499704d3855c82cbaf93b3b28,1
0x7d33B0574c1727830a514903919FCc6224fBcc66,1
0x58507dF8d7BA18df0b34DbF1bD8c6c9c2F0ad39D,1
0x3182cEc649349CA50dBC344Fbc2FC15AE3cDCC94,1
0x1A9DF3d0eA5C834Cf330524f653af3e5dbB56c27,1
0xd9e784eb1106e9cedb5d6dfb4778a7256f0f4a47,1
0xf53ED94f5FB975a5BE7Eb26a3fe6912057ff225A,1
0x98414F446C37A15456bbcbffD7a2C78Be0658392,1
0xD0A8f61CD03922a21B6f0e7Bd6F851005cB5dE17,1
0x83AdCA8246380219e7eB044679c2BC29C243Bf64,1
0xA11DE12f28d917629b387BaB2Ae5553797884f40,1
0xB0F343C5545704B81c19330Ee033EC4c29441dBC,1
0xA4FC420d76aDA3725d93dd98652C25538B069E21,1
0xcf132Ff48EC7c6B1ED1fEF2D3Eca3EaA0AFF3715,1
0x267e1213d77a30D18485fc1F011F013FB07F4Fc6,1
0x450073A7E18F095082fe280230edb5cfb9D9AF87,1
0x0855f4f6db084617CF7A80e6F9f51F692d41dea1,1
0x88888190464c2b35f5DBb6E630c80c3807D6f3c2,1
0x8F88BBb04EDD8E93b24f6AC2F4B05b31D877b905,1
0xDc438Eb41001D2920EccD519d96756B4F0689168,1
0x06acf907150411A44300df45C789E92549b57d65,1
0xAC390eb193C062423224ec87eAF1cB666EDD1bb1,1
0xA569E4892800AFf2751a6c848485AD12e0690Ee5,1
0x599BE2558709516649c42D449b37BD535dAafd01,1
0x3EB6551198837257654344a70953792525a073ef,1
0xc3E4B7F9970104BF8b9761d5577F6B85557422F9,1
0x205b41068805f8289aEd04c17a6b02438000D679,1
0x63566a82Fb34bE93F6a9c45e30451558878D4916,1
0x9b2f12393217b6A0d1fa10ceB7AA49858EDEFfe5,1
0xd8D164C4CB00E6Ce58669510458015c70a51f847,1
0x6a18e6C35280C7f177e02654D9180Ad4B782f016,1
0xf78a1568BDB5F0c639243C9FB4f3429984015b7c,1
0xfBbf9d1A3A2CF550A13bcE2723466E6c8367212D,1
0xa287b0820c78bb94084cEdcF447CA55D8FE7E8ad,1
0x8aBeA4EdB18F1d772ECe1F65F6a41De660e9cC19,1
0x92CF1AEC23A1faF66b294f68194Dd442Cf05764A,1
0x5D60886a6018088DbE8ff85E6B438ae409C7D193,1
0xa02632Ff0B80C02497cF2eB28524E0e26d03a46c,1
0x2C4109E0F6aA46986c66DDCd66c6c7c80CEbB4d7,1
0x2f10b22cda98e9eaa1c6837670d73d5c12d1a169,1
0xF43585db0d0A675d00110e7775CafBa535799da8,1
0xE7b732EC4467097D5B89d9A0be5bDFd1bfb9cC52,1
0x77A66178F47B655c360230281d645ee28423216F,1
0x8c291dF93A2b44B2234ceD0538e38a2B33Bf1d23,1
0xE28D0FCEb3d18bdc27F61e8Ff7B59E9FAEa50a2e,1
0xE87E9D2bF3E5F52A21626E8D310472D22f1286B9,1
0xC267CC878E05FD0ac0c3Be9C0216087f9f5cEc3d,1
0xf75ffaa90A5e35D010Dd0f4Cf428DC40e4248B92,1
0x4801D047655E62B4E80F9D7262f6DF2E97902607,1
0x00E484DA1156202e9Dd341aD7Ea9c908bB919E96,1
0xEd8288E39d871e5b8C794AADa0083C8a69978D56,1
0xfB0F8A6788044E8930fB9d2640fb7F9C5Ce6dB0B,1
0x4828ea4F5C0077663D2e94a80aE82Ce923cCcBbD,1
,1
0x444e1B276CE01F257E0394D6f9090b8c084CacAA,1
0x6DB1DF658b6FC0f33D3C2C01c1e08d6636e22059,1
0x5Ee14820a1318ef7d11eA9f1289E2A29F452d6Fd,1
0x044E53eE42bEB2D8014e1E7c4A0929A0Ee1F8363,1
0xb06fd1Eb9D4B6Fa43a7368C7553F6637Ca6c24fe,1
0x7c25c1F1B28Ad08E40673c6E0D06F31BDBC56c09,1
0x8df7adF265aD907328455B4479f41489AEBa1979,1
0x7BE6f9077e19c43f28430507667059B81086113c,1
0xACEb54E93A336D784369337E0DB53D4C8C3a0eD1,1
0x7A17776F582d84B0D29c1b69f881e98205C11F1E,1
0x21d23fd9d15e092a930e28788a252bd441338afe,1
0x2c30048ED1fd8e264FAc0199A37E3d635dE6AcF5,1
0x8CfbdcC6310F32d1492aD5A72107c4dCB80e149c,1
0x1Ea6F80cbCc4B8EBF862ef87602d21A8174D117C,1
0x6189E956040fE3a4C7453A8A851C26c64f8a59fF,1
0x34ea761752eADD9c80206C38bfd6F4c741A31Cb0,1
0x4b82324F146647fA5F65C4FF27515BD740adcA2c,1
0x10a1BA21a3B11f24F0Aa93711C00CCA2dA382f3e,1
0x005ad4a99A27230b0Bea161E9DBE3c1b702D1DC9,1
0xA1f0B873EDF189E4e57E089Afe2D99Bb4B070536,1
0x78C330aD7833F4B701eB7B919AC1b63aE733A5f3,1
0x01180F770161351e946f6665befA13beb56898fA,1
0xb8EF5c01B9eEf0a166a6eb1708D9b17351d7cE0B,1
0x8520201Ec6Ab08AA35270efDCF28b51a826bcd97,1
0x05b27974688b1078A105c7f5BAdab65a5A41431C,1
0x322b4D1Dea0213047Ff23Dd7687b6E0FCC78e546,1
0x77d6f5c54BBe2192281F7F49F673E786B0Fb88FC,1
0x06fAC54086936c4F3dc37Ff3E47f45cf59105825,1
0xb8C0ac27Fb00BDC899F92f9B98Ee3a7C0F1caCcD,1
0x5b6E57bAeb62c530cF369853e15ED25D0c82A865,1
0x1F100F245472991dCa0822eC8C01428341fF8a9C,1
0xEfafBFB6FC9079d469B0c46e779Bc798db89a59A,1
0x426DCF6820216F28eb6e96E3d9Fd073dd958A2c1,1
0x69609bdc7909f17c8287cc4f70a63e896db9df10,1
0x957967A2aA5D9F8f246db2d92Db52b38a8B90831,1
0xdd63ab41c31fd69708aa0921cb603e81044b6894,1
0xeec84d9f74020d7534e257612603cac3ebc418a7,1
0x33a3D126fa3FC68cD20aF6C6c61EB2A3F8F70D04,1
0xe7e3190abcd1cec6b24f6f9f3771b784b94f1075,1
0x46193720321AC928a7b62157d97091A4381f0fa1,1
0x64F83d969d73aF73724dAf167a4e0AD43322aFD0,1
0x5Fb1716D2c7C09FbE6625bDF523ed6406a1B133c,1
0xe2F1b2811EA298a1794C769cD33CabD837Cd2120,1
0xecD02fb31359A0F44876fD6a148EeB3928BeCb50,1
0x39d23bff7ea96e2becd74d8e03d2d9dc08efbd8d,1
0x96460009896c974c33FedfEFf41890abA59FD768,1
0xd31C1a7F94e36ddf09E15f62e06d6dFa5398856E,1
0x06e736C392E46aC2cB69009B42Ee8DF2aF5c9Bbc,1
0x3d4c303dd51e565d98673b79c3f72884a1e0cbf7,1
0x53AF8E051E738Faa0bde2eAD8f369D97c0373b97,1
0x8cB222740f663720E96417c9f2EE9172371F9b38,1
0xEDf4d3070668a08FD9dD7378d470480922Ff134C,1
0xe9D7A7A0b8cFac27e61A20f9E305eb34068ab877,1
0x6aE7F54EE215e382E57625f77Cf8F5b8149ae6ce,1
0x4AE18cC98092D3103CB6F3D81D0D563A31Db2bB9,1
0x5307a22215a6EAF67E9F1dea3feDD86452E49E16,1
0x58821bc4A7B5824DFf16cd326f7c96356B7244c3,1
0x4DB9e4d4bEace1D88606F0846c41C2e8C5aCD73C,1
0xbaa99be8f8c3952898e3e1912cb744436e6a53b2,1
0x19feaf32733e55a20efa82c2b7b01b8e4d3c6f4d,1
0x36624CC8979162f2a116Cc87a46f9C9341D5BA83,1
0x9b566eeC7511fa8B9507a9F6fB844090F1D3B9Bd,1
0x6564F50aB8b26118EbaBDa276262Df42559EAe5C,1
0x604015E9D2553084fbF995e6DAEC8d37783b4FBA,1
0x68b5350688C5fFb993e72Af22C18Cce19bdB3D44,1
0xebbf8d1a6fd2912a0b5d82a5acca3424d9b40a11,1
0xC21AE2A06dd165403ADdABB9824785cBc375aBFb,1
0x003dF00A7ab25e0164237DA24E3dc7Ed5697B234,1
0x10546eD1c80F3D898a004eaF6C8c5Dc66c5563cF,1
0x1E7Ac02b6f45494c32FC130cd7272E5CDD517C05,1
0x901b006D1b736B756e1FC93B9348601F35894eEf,1
0x401366c6da4aC9D0a82DDc86fF518384bAc097C4,1
0xC6045f0203ab143BA7a3F0388eb8332eFB700391,1
0x9722B36635a1916ef6F40003221b295C6Ec260E6,1
0xaE7248e096ddFbA6D010A036485C1EBdc8391434,1
0x610b1c11369Cd1A4CC8003Fc02b1C214C6f75aB2,1
0xe1013dE43842523896fed480ce8cDaE6c5F04B50,1
0x26Ee52E6862aEDBbd39e37445e97fA79060BF628,1
0xc4b3364Daa8d936eba830A07A223CDB9169ee90E,1
0x0b0983c64815F8c7C52D9d8F45614fbb39dE0474,1
0x959cFBC487768321e9dec41BBf11336979Acaa2c,1
0x7d103bd582265a6d422F9Ce65AFceB2B74E2cc8c,1
0xd896aa9ae5beBb56c8900D5ad382A80E9F5421A4,1
0xDd402D8eb194B968C9273948A6A749c6F85D98F7,1
0x5c8fD2D4389B5D0D47a84c2ECcFa8865CDdA39aD,1
0xb459bF97A4f83059b4Bb4D21B5Ad9eF32B5F0467,1
0x22B5A59476E50c5Bf643e4ECe6253bE3ED56E279,1
0x49555E94a669B687fA067A9B7eFc0798caC1CA1d,1
0x241835Ba45a73EB85380Ee861c9530e11eF82336,1
0x55B4AC4Eb9bbe5560ffb8187B96B6b74f160D5C8,1
0xE59456f86e7cC79274D36EaB9e332C99E7759e3d,1
0x32dAD46ED6aBFfa940c1d7921a4E831B05310eA3,1
0x3f16e8373AbdaFEf411bD9d5B1E7E5E11261E23b,1
0xcB30a2Dc7CE196e05F74eD7B4e411755C91240f7,1
0x382fa69Ea206a6059e4fcdC51571E38d6170c217,1
0xb59a4423503eef7708ffdb9380d89f221bad7d28,1
0x20fa63e92A6E45E2E23EbAb4969acdFC29d469C9,1
0x34897056D4B2f79ed7702032121F740fC06c0d80,1
0xbBd07Cb7026c3AA08066Ee3A1205D5aa8bcC01DC,1
0x1a43274d6c5057ccbf0bb4caf56fad09d3078c48,1
0xDDc1a419Cc8F6f7676Adc0Bacc688eB146c83Fa2,1
0x066A96cc432f5B00A35363DC90A82AD6b9A940d1,1
0x404b63fEa581157927262A352dC33095aEd97887,1
0x4963d2E8b952Ae2c40Bc59C0708978C64FE5C6A8,1
0x5fdCc9E147019D63f9f33c7E52765B4BBBb0c821,1
0xd01A6C57880629af61ee3231dc3DEE298bcd8444,1
0xf9DE78FfBc6b9507Bf3eA35C488223b66261a3e5,1
0xBEe111a1336Cc86fD8B143Ef79765b389AECC536,1
0xD6C9EC5977D39C6bD1E89C331f9b110F681336e8,1
0xB7c1deD791c9f806025E3b17650b84941853d051,1
0x9c28446AdC83adf8d7931eBb2b344C331ca6b427,1
0xC42dDb5b39E0a6161CCf35bBF54652f7709676BA,1
0x06FDD770e58B3B6bbE7CDeA1865CaF2ed98Ce7Ef,1
0xE1cC9074716aC4a41F60205668bB75B5DD423b82,1
0x20553efa8b23A2816D3E3b08c8260B07fad4b249,1
0x322CAb81198FDC5c805De235b83cedd9916B117e,1
0xaaD1F7Ea1bc2083fc1959dB28581556c636A1Bb9,1
0xE6EbC24381Bba80CEAc718f756f3d03970B34b44,1
0x9e5Fef57E0B72b5CCc595EF2607169B91d6f03EC,1
0xAAcFeDcef71FC09ca7c038e4DED11302Ad8200c1,1
0xB5E809690d70FBAA4c4365977667cC3988b33b34,1
0x1b390Eb27D35B6E20b2c94870d4218CE88C0e4E4,1
0x536587c952a474139218a065f1E17e60A7aF9c7C,1
0x352c2b2E5b85E1241B4E38D4816E274AE5220D59,1
0xa8fDB8FbFea357F7754BfCD4D1690Ea4b5004A9F,1
0x0Db6c83F147114C7E54A9453Eb73101acd4e62F3,1
0xC161dcC505f5fC4b8748912228b14aA309b43Fcb,1
0x7181c8aA61BB0527B48E194f882C638CE2B11911,1
0x7Cfc14E09D7f90182441F4D2Bc31C3026b11efAE,1
0x4b97b44a0a0aA74bE5ccF103dA7c5B57A23C264F,1
0x1ef7Cbf1c7408AcD11a0e1C7819c613aC8bbeF85,1
0x1cA0eedFFbd1b0Ebb3b85C28fdD737955Dc9150e,1
0xf0eb57a9cf26e4a3039dadfab4411030c73faba9,1
0xb57eb261F9DF827de47153E0B37482e2c7fbF4a2,1
0xfD15C37dd62586bE9740C7589A4466331DbBb3f0,1
0xeE3d501D7C64DE76425a98bc9D2aeAF2154Ae1c3,1
0x9a9400866fe59a09c4630228ed83c97243d23e7c,1
0x53dA3Df491c3F648b74c8DC459E8fb9Cf0841EFE,1
0xa1D84284888a2D75E5cAb09c4A4d7D51e295D9bB,1
0x81C3d5Ed4c163a83AB94AEbcb2A631CD8DD96182,1
0x646c5E51eb2D9EBF6e875368e66c23D2882865e1,1
0x62d7B3F0f4561058eb14C1c9f92Cbf2Eb1D938C6,1
0xcF02e9813C68c6d616c36f72189AfCf979E13E41,1
0x14202AaDC48e27D2ab5D38f77873A911DD02d22d,1
0xb73318d6b5B5b73Ca7dA707250f1e2454F971e5A,1
0x48c5810c8271577a40d1f0bf5FC9F09990F0561F,1
0x050022631A7E850F69a9e3097EAE9Eb24d701eA6,1
0x25aE1Fe6c4fA117d8D9316FF3f0CE00521469c94,1
0x58CE7DBd1A80e4294915d0aC7eCf157C33a7c3ad,1
0xE4E82f28f67c509aF82c1D16E970048CdA37EF7A,1
0xf903742ae14AB2e86FC85847E08EDbC5C79db0B3,1
0x0a352Ab89d00Fc62C2961BC51238387359BC1FCC,1
0x03aC3B14Ac989671e2CeaB10A9D24e71381ce562,1
0x53a2F682B8450FDD3b6b10B36B8918B415c6b499,1
0x7c51AaAF0B99191553377CE83c1FBb535B621e87,1
0x1F967145faED838b3F0aFA0C45b8A9EEF5bfd772,1
0x43EDc4203B7CAdDaC23936C03974F76c0a9eCB42,1
0xa86e457dF00a3717BA8be7C0Ed5fCaAb96051CBC,1
0x89aC037Bb70dCf1528DDd1ed9628Ed9826985f43,1
0xEcA85146092c3BE0ae36D36F39b3D6FE5A7E4B69,1
0xBaC7d9371E8Ef0701Fa2159ed15bf940beBcc330,1
0xCf25B0813BFf74E4f28bbb2aB52C340635838a06,1
0x50f9CC9BAC386dD99624662135187713f1744BD4,1
0x533270199Dd375F662A05A3519E776476d00dA2e,1
0x9BdccFB34A5B6f8B87B9999023D870B86B46805d,1
0x55f475899403A61843ea5371889a6FA963AaBbb4,1
0x0BC76De77b6A4E410723182fd34769024d94E4A2,1
0xAF4a88Ac58EaA399E7C9f166b84a2837BD83Df56,1
0x63EF215921dF2f268Aa195Fd8C38Aca3d7a9814A,1
0xF2fb793595dB651387048dB4Cb29774E472a7065,1
0xCbD5392D78d2d3f31598D602d50463d2c91E52ac,1
0x360cEBaC3453204D44032d4E4d2c9896DE48a85c,1
0x76eA501dD51113e84dA0E0C569839390f000d651,1
0x5DB27254a5AD100c4d9947A81e25E5148c3eee70,1
0xB4997db7331BBfb6a0C940a340BE68e0a22DcB02,1
0x3d0a2b788eba403A91fEB363B5B51fA5e6C8261a,1
0xe13d1E4761264a22D7bD7E44754A1BDf88aa0012,1
0xeB66498f20105768406Dd85cC4c2d4EcCd5C4B1E,1
0x6013a352aB61f42cAD387456591295B9d7A0CD3d,1
0x86CF7A9d914AB0b6Bb8B570353FB2af1eE69aAe1,1
0xa2Fe857df8435dBfe38A09db74DA876917Cd9168,1
0xa47De0b125F2DadA62c15c738C2022a584715c4b,1
0xA0dcfe2C65A425AE1DF6974340E6b610b5d32ad5,1
0x8dF6f5dee6DbaFF07cbC3ec393f9fBbEaaa799B5,1
0x965266f99C69968f40FFD02956A7C9587FcDE0Ba,1
0x3cEccC5DD8f3551d98D3Ba0C9209dCdc84B22495,1
0xb2dd9d30e60aa1E48875C74ba450cA938E3Af408,1
0x3cdD07924D746b5f32550031BA2C94b86013F86C,1
0x0DDE14A90aA50249dC9F4aFA84a3bE4321451341,1
0x1d5faae928712c3db5543dc887c996e06e54cc0b,1
0x9E69eA37040951740c71d1E5e285d6D00c5BD4F1,1
0x53E642b2B4f78AF7aCaf69529ced9bf8805c3A68,1
0x887dfd06ae15eea491f43aea3be71d42eedcc243,1
0x2c7dAA3AaBD369b737A16561B2F0DF424fFa1283,1
0x7edFBd2D04505e74EA6Ff6C1720275a9B16A3869,1
0x867A50B1D3d4a10BcAF546CcA10938f9546B4940,1
0xeb0B285C72cBf3A3ab37bfc4102157D394d3F56E,1
0xB8FD9ba9fF441D1d790Bb79d16034318F69B1f24,1
0xD9605434e5e0F96DF2E9FF7c1e13bCbAe58e206a,1
0x39715CF7a0A477377d2B099f1f4C0733f5F63abD,1
0x9811261552ecb9dcfc5f25841975610f01a5b3d7,1
0xf547b9E9c30d95406502926281070b42668EB15b,1
0x82cc887feb719a148af501ef7e937b62b1b93738,1
0x6F525E111A6aa959FF0A8e3F98b0c62f5814fEe0,1
0x59Cd13361ec72CC1739483Ff0194cf4E737faeF9,1
0x64Cb0E3f265457f3877d9b7a8a47e052c972F73b,1
0x835C9A7FC40c6a4410097AEaB92f2F6eab6C3e36,1
0x1320FDbd3D9Cfa6AbE71d385d2Ee35f664f89830,1
0xA84075bcDb2E77eDA437F4F6D221f83Fe5b9A9fA,1
0x0e1fa307740176358d5ce699D89AbfbfF9AdBd71,1
0x167c21339a9936CCA411f070b0B9d0E679c43F74,1
0x9D42b28854d0Da4766BF6b63391738F26eF5d2E1,1
0x1D2469fb093ECe0FDd2534a5183911378ca1e3c2,1
0x04c9aAC8C0cb21aE9386Ec2265476c53a482F171,1
0xa35F29893418C61AB675557ee5228E5225e78BA4,1
0xDBfc5665FD92a771557d65d5aF80A1e081Bb6977,1
0xfbD4ec80F3d913185C6B69856F53c8C9eE5dC43C,1
0x19D3f31EE47C8e4BdF7bC495c92c1244129f6375,1
0xC1ea6948d9E89498Cb17D4407D506e67e40048EE,1
0xC425f8F9805A53F145FC88481026E8D415C7fc66,1
0x5F56eFDfe405b6192da2170D2026a565081Bb971,1
0x9aAf542fffADCE1d35CEaEa2AfdEe02625Ffd313,1
0x6245f1c86AF1D0F87e5830b400033b1369d41c34,1
0xD4df0434B43520eBe5e5B8145B62E1B5656346EA,1
0x3B4D2cbf6A42D2dCE49d3759c38d9C716c41C007,1
0xd2EF23Ea827e80D88073496c568543570CaeFcCF,1
0xF331Eb08967c8f570849e70Cec4fd03c362427bB,1
0xEA3747F18f643123cC765C6CA1D3fcd79A258f0B,1
0x6567721fA5EE793b5B2063C21E74a337a2fbD6e8,1
0x157Ae63CEe50DE76c746885F8aFE28b092661244,1
0x4a6ab4b1a44A0E956eBD9e2210dC9046083b5820,1
0x28d94AeA11ADeb5DD3de117d1CeFeBd6107279E9,1
0xf5d845C955d8363e124C2b9Be90de0bc98d71970,1
0x758E53d3B1982960271F959D4112F6ADb3E1887d,1
0x5663b8831eDBCfFD01d5aF9B42F1f2e25626dF58,1
0xDFabEce9789833f722113727fe49360b14d815d4,1
0x48D9742aF29eB0805cA5402a37B6C21B48491b13,1
0x092d79FdD0bC17d70863eB2206eDDE5a0Bfdb997,1
0xa0Bd5C3838342961e09dc2225C340F4A1818aB6D,1
0xC96fA40380AF47D481c5A7cd1240068673C3df58,1
0x3F4e54Eb00f833f2E8143676A8721Df14D95bD6f,1
0x12Af4675299E0e72D12695fA9c7d9e3195D32380,1
0xEAc1869c04eF140beF05b38719c81578F3E34a65,1
0xA2a12dBacB94c47628ABf040A9Ec87D2eb7a2857,1
0xFA4315951fAA39A9100680dE17b5D5D33045B6cd,1
0xadc7572f61e20baead3aeb61da7fbf7aff034c4a,1
0x25f28245A5b4e5000d58C675936d2766F9F37717,1
0xa1aa5ea88d418f49750812a774df727baa28dd6d,1
0x2050abbA73B4Cbbd15b254c18CCB821899Dc8db0,1
0x61e54336e8B8f364e7ED17934904a332F472DC7B,1
0x58367d36c2E4EFf07A54217e212Dc18559D0373f,1
0xdACF73B24a4bd917430c08dbCd90F6f497228dC1,1
0x408b46baf5a15cbeda4536256df1d93f33def7fb,1
0x3d4FbAC05963165cD00aa4F500dC77638F29359c,1
0x5E7F3a0aE3e2639024973c80d8d807b56423CD1f,1
0x424e60800973730292a962f1899fc51b1c13f519,1
0xa7d6c91B0594e9ca55dd0E312Ed6091aFeF646dd,1
0xd42D304502efDC4A37270895aFc29c7c6fF819db,1
0xF395Ac43d83D806579CD9878c2d7a15D3853C8e2,1
0x94972103a306e9578c7098e8e46864356f592fa4,1
0xb4Da06807Dc3fa19E94B40760df22aaE596Ab807,1
0x0236fa417cac7857f0f06855c215bdd6a45d9542,1
0xd2232f3dbab45635cc688695a6c15d862e0dd1a8,1
0x5A9cC14A15cF6F36fB5ca814D3Bf8C0f8b19D917,1
0xf0dd7a2e973b1fa73796796c07d892773ef3aaad,1
0x81509A662D96FFA1a2C63cfA2a3477A66521AB18,1
0xece8db6aab37c601363ccdf1d51823716d82e53b,1
0x42fcF56538E8B437dfEEEF5FD375DdD7260faB9e,1
0x677610ca53D5413Dc706E2fb6BCd62374b173255,1
0x8F43E39667BFd6D571A7E4A69DF2e5646E92319C,1
0x0bCFB8EC93b68bEF409A15cEeD51e4a092c84d03,1
0x918245f0Ec4dEc5154027CD189D2cd2Ff374e685,1
0x6e82Ce36948f356Adcc9D110f7a7a0138272E5Ce,1
0x923D0A52C6435E4A5fea38B9a6CFA6f24E6f2F6E,1
0xe5730F667Fa2f134b622Cb063643Bbf1613A9B81,1
0xD8961E1C2b639cCdD741f7ae0f45212E76f68Eb3,1
0x8B2CC9DC35E24b8485698723F513102Df72295d6,1
0x89A350a7D041f4F5820202E6E2d8F85df4531FeF,1
0x1BB56BD7d43aAa50f842bAd6DE0d7ca3b4f65DF1,1
0x023D0355195dae794095e87824e538Ba60E3c360,1
0x10BBAd85b0d79F279EDBb10b3DB5444C2E222C80,1
0x452FBA9C28cdDB063BE41c7bA3564990909Ad305,1
0x11D87DdeCff4F02BDfB3e91d486b2fa160175aD3,1
0x63fc0756bf70fa976e520c476c1b1a5a9725fc31,1
0xecf82a32f392eac614d80eecdd2ce4c1c67d0f71,1
0x05aa9bc963341981c75a954c044d05e7ccbf2e48,1
0xFaF5Ba840a9971975ab9E7FD38634290956bA181,1
0xed1f03f0eded78e862bb03925def4866fd1bb18d,1
0x3386bB94D8B36ce279B251deB50049E4A7c04Bd7,1
0xC78aC86fD95CbC2c153c63e72cDe91FA8097f0aF,1
0xf3118A3cA0C5198beF5C70e39090bDd4F002ddD0,1
0x45FAA8C4C30538F1E5076238f6F0Bc2b4cd1670d,1
0x63E2981cD1C80406484ab73892934Ca261F05624,1
0x387FfB6f94D84c9C12ECa70044209F5DF9660272,1
0xC2Bd6606D7c03e772379a56663312a007F4b1514,1
0x279fCA4994c82293eE90EFd3312261C772976Aef,1
0x3E7bf075F070511786f0CC118B2383bc8Fe07918,1
0x6C4f36f449abe6e00866c20d245D602168c93401,1
0xbAF585C3DaD449c9f2Bb55bE36EE26Cfc576d1D3,1
0x21b5Cf20fd30eDf1C97beeaB10B1429596e84EeE,1
0xc4aF88ea56302d8681c280881811448cF218Da5c,1
0x2897cA9E878e07F18456708D0BFA4DD39ef3F56E,1
0xd27cF967b8e80c4e0aD09EE938C5b021D7D4bA03,1
0xadd7c202Bfe96F0D9bB1a18b53Db7b2c468e27b1,1
0xc044a05f59f3b920243a1f94a003db78a30e89ba,1
0xe544afbbab987b8b9f594ea5fb13908e0e819fe6,1
0xDDFcd2CEA3811Ec612C5a03681800F820EC57B3B,1
0x4Bf375cf5cE4F6fFe74eaec17E4580d918428234,1
0xC3A3BE52c1096783aA22D98Fe2eC26bd980A25f3,1
0x9cC167253254767a4c746A34c571c07217392923,1
0x7baFA46c766bf03de5cEDe07d1AE4e66c463E192,1
0xC30B3cfDF06d27Efc9909AE87F7B90026449Dc5B,1
0xe33Ad0A896d7e7B4586F7E76d485052CC2C6AA98,1
0xF2397b7789098DbB3D20Ae3Eb4c8E6247696b824,1
0xa6e7Ad2fF5733bc4105777D189793Bea63792d75,1
0x0c4b74de1d598e9a955364736253485ed66ae5d2,1
0x34FeAD3CfD5ed62937F847B571fe7208A49aea8e,1
0xf1533b67F9dc4Df3DcEC52aBe9e67Ca89057F36b,1
0x43fF82A7441b96eC9A9C28439cdd118c3806dB75,1
0x73fe746Cf13F135af5015d74D3375BeF1d221d66,1
0xc8ab891C4BFB30e16E19282c6438af246aB2F88a,1
0x457bf0c1666c13c31100868727525984d162dd79,1
0x20b608c1c79d3d6c2ff9aea1581bc6a12d58654d,1
0x821F01cdfFB1B936B7F68944585882e9D3D0821a,1
0x1C67667c0dc15e07d8e075dB61fc3974480cb9ef,1
0xa73CF18151C79710d2419c0b1B2271691c3112Ef,1
0x738b6c539d2B920B73413C725556D4CD24c5f6Bb,1
0xa91EEe49d2Fea98f0C8F364e416ba66345579f0f,1
0x3832b994ba0fa69462fa5c095b356f85e627cef3,1
0xCb2452Dccc7D5d86B20a7A5944be7D23E55A6Bf9,1
0x99c11D0E6e131Cd110256F283Aefd831841E302d,1
0x6c097574d2c5d5272e207986a3f3a41f268892ab,1
0x34917580e0794e66f87A9b757f197EaAD49e3Af0,1
0x77a85041913fff53a368dd7339a3f183c843d3a1,1
0x01f04e8ce7d0ec382dfcc3ff24a4dfef20fcdda3,1
0x98F83281aa0759c0b5446dacD86f2d25a4323DD5,1
0xfDA5498583cBf5B9982a9d4563745e9b0cE74aBC,1
0x7b64644a308ea7e6d3ee30f805cb1ebc783be9eb,1
0xB7B165368946bFc4E6cba93b98B5678148ce5E6A,1
0xD886AB8DF75A48FB57943a28513BeA71c5235d2D,1
0x97AeA17B2Ef27B1CcA81c17c68c001AdBf78C394,1
0xC1e3132DaC06a44Bd64CfB554EC6C58D4D9637F3,1
0x0C70071A9134a5EE1FfD6Fd89Ba7efCBCa6663E5,1
0x905a48c84cD951fD0CD59C043FF6971c0a788EdD,1
0x5D1c047448Fc0909ff5039955550819c02EAEc65,1
0x3113B310A1f7723552FC63E6bbdC6F3D18A831A7,1
0xccd483ea0903b03aa5b53a8859799fac077c3ae7,1
0x78D19c5153A7c14eca1b7d79E75f572E88969C1F,1
0xE1F58204Ebe543Ff8Fb288e85B6B7eAEF46712BF,1
0xE92648F6f424bc4a776e1427B5E3195712835F21,1
0x713160c3276A6eEac899EFD558575C296B8755d4,1
0xf2335140D3e76327fBA1F694b5018a19c5Bf42E9,1
0x839334ADA4F939A7563930739664EBCB92CeC49E,1
0xf778Bed4656bfE3f7E2A2a4e2d30b8fff74db06f,1
0x315617A315f8c18D07F610914c8DEaCa672D2679,1
0xb5D2C297F5275c74E283DeaDdda873261B043fDF,1
0x8F361CaF61995356a6cae6AD7dc69481ef6C794e,1
0x1D74243F34F38a1CEbDEF84014Cc853Ff77755db,1
0xFA0e9f4D799990905749e33bAdEC5eb0FF518617,1
0xf267Dc44132b5a861FFF27D4bF5bd5E394a0Ff7A,1
0xCAb4161aE91900B9Cbd1A3C643a84dCb66F241BD,1
0x3Fb47F7db5ab1a3Af5aC3417a77CB7DBe70ee6C5,1
0xDac259E05CD9AA1C517Bbd49E7602c239CA35b82,1
0xab0d2Ad721399c2E8eC6f340D1E09CBBed7c5F2B,1
0xA882fB71aA1967A6a8aa11375F8abd5FeE5BDD6a,1
0x4Ef648ad96DB020111a3A0e7Bce4Ff6e1Af3dA68,1
0x1180e9b9C96282Ff97eb29B53C90Ee8678b7ae4e,1
0x8EeD54fb7ba85807A200f41a27d5D806365FC92B,1
0x128878d4ff873c8a730afd0997ce214c3650b811,1
0x6d94b77f7e1a5c5c6d97cadcfdb6507acc317eaf,1
0x5d319D775E11a90028b3218b0329915f1B233cf9,1
0xB5a30239d0D97c20E859e4D4ac351c5Aba495243,1
0xeBCd285B55b154dD4593315cC0A31124a4C5c219,1
0x8c3522E963fE4D0D1DD1B9824ecCb87f90Db56c9,1
0x1334C7a25Fa9604474D41dfbE319dee4F17a32c3,1
0x71f39f85fa4bf3873d81891909375834e1d73639,1
0x6bd6775Ac695e09f3fC3BcAe02D009b170B3B71b,1
0x33b540AA3Df9A1Be383cBD83dF989AE509d5577F,1
0x18CD484Aea6b7cc65b0031E5340dB24617d3539C,1
0x666d9fDb52D29dB22aa3E1a70cEfb8d85e541Fe5,1
0x5F15408B6fAC09Cf0Dc2F2F7f399f6711c95aAe9,1
0xea07561699fF3f18cfD24c5E3c142A46e86B0569,1
0x18aF5939b970597B53b581e47CDe3ECAa36BA1f5,1
0x58c6076555bff91fdcb889bad1244f90c8ea3fd6,1
0xcE83f6F634D5Dd25670214beFdBaD0715f5d3cA5,1
0x6e6B7d9Df40401FD799B7e9210A4D484FbEFa220,1
0xD69fF7dF7Cf1506f076036c8818421A61eeF5E3A,1
0xabB4c09E8802c50CB2098A0787e54d5d3F753c39,1
0x461F0EFCdB46f7911dB428D1d9E77eBce3470105,1
0xdcC54e8E093Ba4eb69d9A5A2933044C3cc22B9F1,1
0x77257bDb8Ab2cb80A314f0A2A837581188a1aEF1,1
0x1f5acfc21a47bdf12705358f28a0d450a8c57846,1
0xb1c99ad89e22f96de248f73f0f544438153df14a,1
0xE2b85AB411642621158249a6cA0A32b4313A01e4,1
0x998404d5cd6e83d20d47d2d3259718ca9bad7291,1
0x41fF013b84935b383cA3264CB6dd8f6d8e7EC0be,1
0x3d47B440D8Ead4e7220B12B2b0c227c155c7E233,1
0x0AA61a33A38ea4f6c8afBB5d1F04a7DA287F6B86,1
0x3A504DE56fC195033F0dcf19A2b79DB687259439,1
0xd6118c1a49d843ebb7A4678DDdc43127AEa474d7,1
0x81F73335d1D444b8aD2Fd06520fbf5127bcEB273,1
0x77B365C0d1e32c8EC7607671eaE21C0079A84F3F,1
0x144c02f5370be541e123fa5cf9083e30ab7c5a04,1
0x9559195BB0cFb15d54318f6685c5073dEd67F483,1
0x2741023a81A16790cA55e5a41c5c108eD7460aB0,1
0x0684518BFe8014a5A72E1695DF4cB6b3f7274bB1,1
0x3111044d2158ffd87C4a54F8F541D1f2CeD545d4,1
0xD0178dd9423FE07f2dBB4bDfF435cf0fa449Ad15,1
0xed0b4E39Cf8440fc2F6e864b7f4BF04Da1d1C2dd,1
0x7331DC8a7935457d004c06d669FA860Ffce90b53,1
0x19AcCb1aB13A771D0DB5881F5E45D8Bc5D509798,1
0x4A5f7629eDCCcDE6458e1BDAb35783DE881D2A67,1
0x01a0d26B3Ece6C6c3C54c87Fa217A10adA39DEEc,1
0x49F68042700fa8B588613F652260ca51dccb797b,1
0x05F05a632f297B8ccab6C152D29c9DaAa036465F,1
0x3615d1d25B4fB096Eb2Df603037f947966993b7C,1
0xF6aD7cdAf013C44670bB4D02A29a14b985Ac4D25,1
0x33564E564b711d8830f978BfE933e68E03eE2994,1
0xef66854D326e5cf1A74437D4c53215f5F5C5bc6F,1
0x0C67fA4A223bCe177B3523B62044a4e2a0091616,1
0x7352e69c4c8EfF0ba03cf74a264865b25180DD1F,1
0x5B084571f8288463497c516fd99119C714dDB0c5,1
0xc9919754BDa95327c9c807416750Eebdb010f65a,1
0x1Ed5ca5Cd55Fe25cEae067283CBCdB851C1B6199,1
0x1fc1Cc228c527E1eCC4E28520167DFC60EDF778C,1
0x88f1bCa6fD1cf3DfAF72Bf2F18867a4E6f4f6b4a,1
0xE468178D20e1c1c87A0036EbbCbe7fAd9B94eE75,1
0x96b0E0f33548C98B76f68C321D3fF93cF6453Bd3,1
0x050135C0e91757D557F8f12a65171Ee99763AafA,1
0x2308Acc6967c755944d9d55C4be21eAdE2Ac96af,1
0xD88bc8192B504cDF51abd6CE4706A1e8Fd682a24,1
0x2107D9b498635001c6178e8Ec508864d348A7411,1
0x40cA438CeEa293Aa5661b764A07B648e5A597564,1
0xAb4Fa6a3c2A9E0519a449FD91E14681798933C84,1
0xBcEEdA97b822894E03Dc9Fbb8f15aB0Cef2D4dDd,1
0x4e71A7108A118DAb1fD16C45a8D06347d3c1385D,1
0x02e0abc0EF5c4AcF2eCB9b8c5470a09f58Ff3cA3,1
0x621a2a6ac129663Ee2c4bc6f19b6c196f9C47Af1,1
0x0ddb7f20c0b5f97fccf9c5fdf33adaa767735d9c,1
0x33662e2a6f52348b8808903d948ad0456fd57b31,1
0x9c167E89f3932fDB3170119AE59ab87F10426a4F,1
0x9B1063079990e58c360d0Fd820CDF75d29021c25,1
0x7ff35cccca94eb0be1ddec0251970bf03358c425,1
0x65406E558AEACdfe688F749bF08a49f5DECa5797,1
0xFa5f5aB5e3Fe8149a33efdd1Ed9dd9Ab57ad7fe7,1
0xBE4c0Ef66F93a0072b5934C280107432E02E304F,1
0x38BcF5789fefFa9c2f8B6d4A0529425f4059170e,1
0x610a087D280c376Dd2018705b43E2BB06eEfb7F9,1
0x87bb07A04a7dE646Dd5830691F83F3acA093a953,1
0x8e74cB5fB923ccFBFd1796100AE55Ed18F453d39,1
0x88AAe7160795054C2381d00f0Ed68E574945d533,1
0x3b7f41050d14e0826a5E5634705D452D5e868f9d,1
0x6236f05Db64101A9eA5b7Ff0a1Cd9D85c6CfDe52,1
0x10944F987F878E6105a04798AF9663d377E73eA0,1
0xe0B600879497eaE70C39fe02C38182C7f92ddaE9,1
0xA929fF7fA6a8Abcd3e5222b8fBB8BB0d064A3e7d,1
0x901a5482bf9ea38742b28edea7f10eec6984dd1c,1
0x518E3bc17464663785A48f15Be68765151CCEfb2,1
0x5565E7E6F8ce2439ddE2188cdb28F271503243b2,1
0x5D9347A0CFfFB2189540531B3928fa7E1489EdF5,1
0x0c6753019d8af5fd0a98f2a54ee0ad329fe371cc,1
0xCFF6f5Ec9A130b26D141469240F5f962Ea2901aB,1
0xf1BB689Ad309F05fD12E6AAab90176FCe0d9C29A,1
0xDF49051e186018b85922f205b066689583808C0e,1
0x1a292232B7e0ACB4D5cdAa39A173a3da1eD6D730,1
0x82E7f5aCecB1b224c305ee41C4EC9Eb21EAD4C81,1
0x0EC142344aBe0102403c4a7bA8313703a1eF460C,1
0x696A87e7340E33b2FAd493a1C843316A4851c8d7,1
0x670bb2589304e973B7A5bF6AC5B542E59434B79d,1
0x4C4F365F6A1F8ccE0f2E649cc6D7641D3353B119,1
0xe6DBC866C4b866B313c0D6843D87ab6eE373Af9d,1
0xb29157e8B415D4Fb1cE339C32ab3131891cef782,1
0x4dd4530d2F3F00675f74280e38082e6058AC0Fcc,1
0x44D7Dd75d159D44c47372Ef1b68030D15d333a09,1
0xC05B6Ff70D990860ec72Ba5Fe9693c25Ac5dB081,1
0xbAbB3F6D6F11646cC3C7D92bF0311b87dA0f7CAF,1
0x72D16C762FC8e5707d96c9e77aBF6786F10A89C8,1
0xff4dd75f69a0490dbf0a91e9e3d7628ddf56a685,1
0x258649c7a6ecacbd28378fef605a477fda8f5775,1
0x78e1e021d7fe70c414e85be76528813257edbe53,1
0x0c869D219478d8a7debc49AE0079b3838FDf2A43,1
0xA0c85870E873e59EFf71d63698809B0b56D3dc27,1
0x0A253ECc8E4D7a1e50132FaD2Bd8BCebD19D016f,1
0x4AcEE58a62F96078Fb6d298c5EA5b6D407EDB468,1
0xBfbA4e0F29d35Bd11248814e9791e77AC458447b,1
0x5404A4D869b31e1ce899B02C54A0C3556A21e4bD,1
0xbdA687405273093167Bf658F65473B44c23B3F70,1
0x4Bcc662A854307099957826C2C55cEf2b13aF3aa,1
0xB0419e2419dB9Ac33EF36256B2a99D12c30C9fb0,1
0x7f2c7c40Da9B5Ce569706Fa5340E7DD750A8Eb44,1
0xfDfC50E371ecFEB94d5eCcf618357F4c447A99F0,1
0xa4856b959cf536b2C4dcce088Df38ddA06107202,1
0x03E0469CA10c8B3A76A5312fB6f2A06698934BF4,1
0x35DbbECd845bd33e934B4049A9E252C1aba9B8DF,1
0x34318Ff05cfE5528D050f33B560DB43Ac450ce7c,1
0x77ff2D8B3ef30f5DC0B279541192A1b5F58fE57d,1
0x29B706cCB07324d9a2D24638Df7c0C7B74179747,1
0x5D12Af85De20dBFAba1659E274eA7263eF2D82c4,1
0x00E97f901bAb6D6D73827A29Ec8819C5Db5B5c40,1
0x57A3a65A83cb7Dae9658B0b69C7fb0E2771Ce38D,1
0x1D8D127c32C2E950cfC2538904fc41A2A095DF3f,1
0x56308B89d4bf26f83926964aD205fdAebdbB4833,1
0xa9807869e3d5ea38c166833e5ec200bf657c5419,1
0xa6b099f9242e0f31f207e3038f6e41f81a962b13,1
0x141b5a7d85dc97096cca2a943d8ea875855b3aed,1
0x02221A91a389d4DfeFFE9756ad02f1dA4872269F,1
0x26d99e50b103d25e62a88c36081d0cb9ce381dec,1
0xA7964d31fcB2DDe6cAE43A71205299DeADEf90bb,1
0x07a7D18e172eD2Ea01C110402337030959a078A7,1
0xba6AE6FbeAD4712f1E4046c0a5819f087910421b,1
0xBAeCd7055595B204AF11F04607665a369639a9BA,1
0x868b0729683Cb4042FAf3ee4EEEF0AfA8D8AC10A,1
0xf9b4f185327e14d3a46c22c7c89d78736014f817,1
0xf359e9b5143b31dc1cabca3dd837ea66390a7354,1
0x87D20Ea99c2A75Ba65Bc3E2974B263Ed162d248E,1
0xc27841799fddbff8d08fbdbbe406c1312f552a65,1
0x6C4A6922254B40C15b69Fde2c605b9d26761E724,1
0x525B35166DC5C0575beB4224576cE08b371D582B,1
0xA42e5373fEb4F80ab230b7616d08601d4F11Ac07,1
0xB77Bc6C6297884D4c5bC92FC3c10d5d500A398b6,1
0x94083C4d1285CA0789D19ECD0f93e4dc3713d16C,1
0x6700Bc8e38EbB65de903dd10e3C81633ca4e6261,1
0x441546EaFea5D393e6dC54F34BcD5d8869dCC86a,1
0xfd8835dF382B69b3cd498aBA0d745Fbf6a421D13,1
0x11e2d827B12ae5796d4FDE6F6429dc2b2F4bF6a5,1
0x2FE0933A8aA51a15248be55DBEE442452981c45E,1
0x136e409d3C13DbF044d8eCa5e6c22cb0a7915500,1
0x95d8cA0a98BC1dF559Ec77A9A5B97F976EFB8ee3,1
0x34BEB2e3660624A94504A8C9e5c8aA29fBD14E31,1
0x1CC16A91691407B04F25cC5fF8Af047b0eE3bB32,1
0x1Db4EeD9f24d4E54DB541413C5D3802f0c7c1a81,1
0xe9e329FB24bDBb9d20A30cD6a2F42cc371952b76,1
0x3F7D6CB4d62e137F90f68Ba2050BF99B47e108b3,1
0x913234f42f9ffd448a7942974c00f3d2574b1d9f,1
0xf19ef6fbdd30439616dca7001e80e90f8a357354,1
0x45e47bc68aC85c86BCe1c91bf462040B8Cc72F62,1
0x8c57685cae7ad095f5824a802e4c72d412ad903e,1
0x06551A06B3A6f51f9322c815D4938f45c0b192ee,1
0x9d3DBf8168fB1D67897686Fa76ad2FB0245ace0E,1
0xe6bBB724468970370e46A2Ffd254D2f91f655Ee6,1
0xed31153127e3D7e230B9cF1F8AFA76CEA8a47f68,1
0xF059dF74240ab46a766803765DcD3b0632B17d45,1
0xD4418418F6673B48E1828F539bED0340F78114E1,1
0xce097F841D813F7C2C93AC46e96De6f54b7ACbbA,1
0xFEa95feed83E80F009F47167A29dfa14F1e5DC8a,1
0x135a50a0aE8FcC53C25bDA9a1E36149002AAC0A3,1
0x93a36028b6e2abb795d656c9c43a431515f89192,1
0xff1B29B91c66eF274180eEa4319A49B7438dB427,1
0x6085687275c7dde697f08bd5b9585c7f1560d6e6,1
0x205d320945350528FaEf6644475DBeF102ad0F73,1
0x749Ede00F087C72d2D0110f5277A2309F934cFE3,1
0x9C857F92ec9625e9a1162D84cd17ac311F619A49,1
0xD0f801B37D0a1f6c1807C259a623e8A06671aff2,1
0x2695A517AF5C53E14ECa032DFa1B777557B42a73,1
0x39729fC4f25b4a2A0BF2C5e571351840616C9144,1
0x26c7969551470bcBf8B966751Dc917223BdAe7dD,1
0x14715e4c337200ded27aacbab38472268698803e,1
0xa4B2B1fDd2C1B072202f16E812B46EdE09f526f4,1
0xDeeFCbd38fBf69a089ca815a0d05CDCfE9577A36,1
0x867cBCB09d9bCBA48c5ceB3ec29D67A18482a3D8,1
0xd26f7F6B3bDACF9B34AA3884962FF0d4F151c7B0,1
0x90E672fef24dD4278103030f627e7cf5Bd24C9e7,1
0x37d009d9dA7467C65a2B8D777Db8211d65B6F836,1
0xc3D8d646F0889AAef65e4Ce36518765f1056C2a5,1
0xf039546eb0aD926f7b88EBdf7DA48577e84d9FEc,1
0x8862aA7d1CDBAd1Fe4bf6af21e8fd8a44F008670,1
0x1157261d71359053ba4373404375b5D7DE0dcbac,1
0x1897Fc1C5880b3E08a47194A6bdD5960FB7F4f10,1
0xb95593b297c630a5a20aBB8bD412A0205bA3700f,1
0xB08C12E0f482157e835fB85f0F46e27D45Fc8E23,1
0x080b2ec639d7d0c8fe0f66020d00267dd13ed703,1
0xc6AcAb0F0f0c32826e20540D63f522f509655D20,1
0x68e33A587f1d697c5e0f8b8794cFA304B41a61e2,1
0x11473424353dbc0e565069133a7bf766eeb48022,1
0x46646195829c88ade063e81179ada58b8fafa6d6,1
0x7E21d7118C21D618385bb48BFe870f7662706699,1
0x444E3ffBCe010045d97A6c657F668cDD7F50B6A8,1
0x9D6656ca31b69c7B4cbaB053A656ADD1be924e69,1
0x3C46db884A42FD02dCa6857F97154C084805f786,1
0x506Ce2a322eb867565ec86e78bE702212aD95f52,1
0xf35acdc0b13F82A2f2880AC7834Ba20CD6493101,1
0x7D72D4DBdFe49B738e53dE0222059eB88eE50dD6,1
0x979614d99b035c10163C5a71fa745d673E051A36,1
0xF7Ec34E6aE9E75465B7558f546Be44533e298033,1
0xd596be83eDc6B4D99af83cAB7a3204BCe34f7132,1
0xda2f315a288263127FdF31B59981010a76B786B2,1
0x06c105C669bBbB2525dAA5635d62D3A7f4294eFc,1
0xbB2542359ed07bdd847Fc82A1281c091a62BE5AC,1
0xF3835403089C4F38E9657e9DCA2c3C4d707429E6,1
0xA59a4347a0aDeA863029d6cB014DBFD7Ae257D34,1
0xFDB6c5ad1D44617FF669374e55c446CaEfc94664,1
0xEFb8cAbe8bcD668Ef820F202ec1301a0B401e544,1
0x4B0c36eFd8223f20C20359C29EB761979Ab455a3,1
0x1E5215D65EAe57670e6b4D69141702C93d2A6E4D,1
0x4A837EC92BB9F29c7742a2fF10904f070F290068,1
0xfffB78B2Ae6DF7EF4e0e245121c655178457590D,1
0xFb55DDb4f667d9bc060B71e5EC7748A8207f2F59,1
0x606a8a281b9B991db59c09C466060B2c880c7dd1,1
0x72FC4Eb059a1d3Ffa85fE897d9C4CE004a306C2A,1
0xE71e0D2b8b2AA3c5770C821006e8f60F9253F6a6,1
0x0925724E3a4095CD8244501DF454D88f1fD7893C,1
0xc00d4ac8ee39c422b9d5b528509cf2411b0beb7e,1
0xfFa1b706C6aEFAB8d51A96D575569951e5A0d7BB,1
0x99Fd65697C1c0f60194D658819837f32C0B7DED5,1
0x6Ae022886fdB0C83b5CF767E3839101f043d56e2,1
0xE828c9894a7AaB9E855078CA42f92D950A9d8A9e,1
0x2d5162BA38Ad4d35515Db2bBf8EEE0f65EC06f97,1
0x0929a2dc69a8b0d08552b3a2a6a76e801a97b023,1
0xe761196e396701b280b0f66fb42b8680244bdcea,1
0x7d0af12fe6274f661d5144cf9622273b610f3f1f,1
0xd57e725ad84ac8ad88d663e311c3dd81346fadde,1
0x22a3ee9dC84E977B4285baB5a3b2F54EAC6a824B,1
0x23b399cdf34d16afc210f67b71a4766ddd717591,1
0xf476641816f8b5620b5a23c871a2109e67adb003,1
0x994F59443163ccAafD9128Ba748Ec05C6Cce1e8e,1
0xd36406d686ffaf8b099ad5c5a27e130f4f8dddd2,1
0x798a6f683e03cac436a5ab1ca6d92981a883dfcf,1
0xED1699c578b1d16e0f89693E66501b32b14f4C73,1
0x2f9fd0E08Af916c4dCF7F3dcbEe40448Df9f9b0f,1
0x342725C730b7C9A6E66BB5011439EA3064367546,1
0x2ad4510F4FeBc4386E9732D79E08c4A15d5e1758,1
0xbd1149556925859CdCc9DD377653b6dB40153e36,1
0x19c25F1B51920aC5772E25b1295D3E64a7A03eF9,1
0xbeF190EbA0a81b4A19797480fdA324AEdEaca6c2,1
0x905d19fec47d3053d3a7aef081259bd3876dd4a7,1
0x17F145ac11D4eaeB8E78FD554946424f9609d086,1
0xEDaFc88592b1963368eda4D9E13F9447352C06f3,1
0x2b169135dffb6ca4284764f116073e458d37c6b3,1
0xb3dc583658e50268519ba8d7ea4afa0dd7ecf573,1
0x369dEfC8D07B965B9cA887a90Ea0c75709f210B2,1
0x5b48DD27Afe3F43561beABAc8dc53010C945e7c7,1
0xD95076CBc92Be74eB78A56841f028D7AA3fC6F17,1
0x6c1f1a4C4F79c3bf05AB66c2794fd06cfFB3D60C,1
0x9f330966309A254616a8BeFf60C332B1435a9496,1
0xC58ace27dc0FA1F8D33Edad04D43A8A17774c8EE,1
0xf4A952c9a8df54c8363f65fA53DB39C675c0be49,1
0xb5d100A6D05376bfA8869B29873A372594a697B4,1
0x097f5D909ca002a755d60A73932c987519CebAfe,1
0x13EFFf287bEE1E69679bE00931811Ec43d6f8f91,1
0x549A2f9BeC0AE0D746A5e884C012A4bb79D9EBaF,1
0xC885867dff987418afdd48340de021A958e6B6d3,1
0xcA1B6657d410aBF05f99BD24A7ACc4F28655f4D8,1
0xfd7c4190bce028c5280fbf70ef23397afe405ca8,1
0x7C00AFED496224535a3EBa6029BD6B1a165d24a5,1
0xb43518c75fAFd5747a32AbCc8bd5Bea011728BF8,1
0x935fe1e682658058d7FAF98A55C4D18131a7f037,1
0xf8364A4e3a2337F8873AFDE6ef036Ff4bF38d0b9,1
0xda7adE42AD65Bcc2537Dd0934Ef632399D5aa189,1
0x8aAB227F5a6f518E5564C275917876b933A89F9C,1
0x29316B30f44805D27c78DC1Ab9e0Ff767E4A55B5,1
0xDe139A1Ca2Ee011348B2da24fAd1494d4D74BbDE,1
0x1bDA5A066C709c2B3AD40b529C33B3112E6F238C,1
0x6e847a8D74753F1906638C1bA6f1A7bFE6694e2f,1
0x2d0Db6fD80cdd128f569B2CF4868854FFDd569f6,1
0xf830F2aEd0d9FdD079F1d92dF986FA760Edca4a8,1
0x046056585DC83Da5AD9Db1155ec79E5095C993C4,1
0xce556d7f99AD19802837A5b9679d73B818402fa5,1
0xb03B102D51f1bD9633F593332Ef57FF6A5592485,1
0x08aF359f2492fd70D3E4A117B0eCbf8Fb8557c3F,1
0x5BEC402bf33ee09020338bEDa90bEca442E46D59,1
0x522480D5c7A41F645883A6AAf2a0d5d802D1925c,1
0x91bcbcd68aeb1a87464eafb01e232c88367f6a60,1
0x53106d4a04c8d5dc714926caf7274a4c209dfb15,1
0x15EE906b215d2a9b9e1f64caE6fbbcd0fDdF55E4,1
0xab2f37b2f936d1088d84fab9ea50971c841a4f8a,1
0x4dA0C2fdd3fbc01800e657DF155f15A932719Cf3,1
0x82a6d0744203165f04f999d18DFE8a261f190992,1
0x00BC884fFa8cb9a49354151745aC482285AeddfF,1
0x7E4bEe894992a81Edb86D25be1a01352b3ea89A2,1
0x151911454964926b0E8Be2f8cFE121B640C57C55,1
0xBFe7f53B375ffb0A8Faa45d8Aa3eF7d3ade71529,1
0xD3f110c60519B882e0ee59e461EEe9e05ED2B40D,1
0x9b697b7C3DA6B56689304e210E53be0db1164dD8,1
0xDb25afDB6b1556A11C5e29aCeEDdf497A038A09B,1
0x41D5F57Dec16CD2DeF6e8608AFB892133F1Af5A8,1
0x1889FdC2EF1E9E26efc3EA43ADe8fEBA1Ee2Be9E,1
0x0613BD6d359f576917c6cC732F835536Ec18F521,1
0x404d42C64479eF23C935B94c4815c9Bb8822bb98,1
0x9C1409a9AB4931757EAE3d0AE26A0D859D62D7F5,1
0x1E2347941A5Fd7DCf6957A1c94afeA0DFC68cF74,1
0x46E0D6360C4115fb765C212105539DE5e2F1415d,1
0x546a0ED69a7DC15f7b6A4Ce28550dbBAA9291Fb0,1
0x8eCbAD4833FFe28125fF23C9ed80F4C4765246DC,1
0x4831bd2E5d6ab2568870F963fEF1d96bd8c43546,1
0x78C269eE1F90F93500ddEf91b97d6be2F0bF2d14,1
0x0c366CdeB15384A95f03866EEBB9f2882F1E4288,1
0xF73892A76d50cff31A601e24d603E80EadFB2F25,1
0x8b82Aab492F9bf28456c91e4BD28633fb4c5B0BC,1
0xe2595772b65f9f80b00ab00d286c41a77ad9095c,1
0x1F725817aAC32c46AE35fF8348ea4AfBF1298CE0,1
0xa83898486c40b5f4803a60bca1cdb9e68834e076,1
0xbd11f7cafd2753b80a6d3bb12ac687a832afeff3,1
0x08710c91AA9B7782a876A2c3C90ca69B9bc32814,1
0x810746D67175869935c0152a55f77Aa40C6f299c,1
0x4b1D86FC3f1C515582a7BD8629cd85FeED61DaA7,1
0x6a110493Bc3e626FfE760B1946D763E4cc5cE7b5,1
0x366b05c2e3896d942632f63cd9300f22743915fa,1
0x73bae7df2fe941059bdd2403d77b2189eb0dd195,1
0xF9f54efb8b1BF2bA970De085ed2D6D8c513A3B2C,1
0x00D9B98aa33e46cc15e96B1412fd3225f3a8cD06,1
0x2d88d72433b005b70342ef6D4D05C68040F21476,1
0xf630599feb4c209f752d40f9db1601bb827f3500,1
0x49c60812ac96f3e7463891c509a9f65813dd0d8b,1
0x79aa46295f926d3930758713cf61cdafc88cd467,1
0x87AF9bbAFd4630e6be4F48a865AF86cF9CFccDe0,1
0x26DD6c08DF0959357A8a10e77E236fE1608eE12b,1
0x437e94074ecb72fc754034caddb014d2f83f6388,1
0x64882C718e047bE3599FF701DB201202c1F73ae4,1
0xb1f1c6ee2b7ae19f085aef2b1917a8f02cdda68f,1
0x7b5d649CfcAb0fB0A49a25243b2a9a56703AD925,1
0xAe68E8996DfEbFB40E84DE4c63A65bdF2A390Aa0,1
0xc665a4015ab39ce495ad6eadbab370ce35d3bc93,1
0xB27cFCE67119aF69A576eB1E9Be33EDD6BbAD1d3,1
0x9475Bdee7987299c5014B0A54aa75A45988e29C7,1
0xd2e44167cb548a3d585a397dfc734a283d62fd71,1
0xBBD62C50d6f13D9Df02293D6833FaDd07051dbBD,1
0x272f0F56fc330715Ca42eb3c5b334c2A9443Ca02,1
0x5E2D27835a2c1C40B8509f2744563E289a8a6491,1
0x40F28c2373AB4A5cD156cF2fc65a8BCD2F3895F7,1
0x48c32e0bb8b7a39cc9ac484d738627e823aba72c,1
0x3928FA28AB3456B9b74E04156a0327bCB6b14D56,1
0x92045a4230ba46a212ec2dd5a131d79b929c18ad,1
0x4dec7bdEF84FFbaF51D40616422bA96acdA3afb8,1
0xd06e6cfAC4A46f0a1112AE0A00d1517159A1Ff3e,1
0x0074E11D59AC9e242F6c53e7DBb175e88c8E2110,1
0x7d2C5596c6d55297324f3373a9139Ef4cCea0b85,1
0xa6BF47B4bd04D3419077088325D2CB0F821A9f34,1
0xE1B3729C8F735363B6Ad1754866F203067e1c17F,1
0x39E070A8364191F6f53d05c53Ab00503cB1Fb126,1
0x8bb76bF68429Cc09b85598b510E4974fc74009ea,1
0xe09872bbb4d11d27866d10d736c740e3a2ae9ce3,1
0xBED963ED95D70A5E0f767b31FbaC74C2d99e118f,1
0x4aCB460Ea7eeA98F02483644E18120b05AB673d2,1
0x1a4033532f28d29615660006321F4bd1D4BC8540,1
0xfCF4bEC73Bf6c361da1c92eEAC35E78B7539DECA,1
0x676eaf3605400AdF73E200776558E7d3b31cF22A,1
0xB87BD33b4E8A7782b361C34BEAe3bc67485F3123,1
0x846393d02886d1eb6bc800b465013719faf914c0,1
0xbe99caedcfbbaea140a5dc8d9f747eb57bd167cf,1
0x2bef3d1c9a54d0bb049f501f2be1984340655057,1
0xFc120343310b71433bFD77D429033DaD926e7742,1
0x2558815F8c1B2510F019E6E5D16eaD10a68FeB62,1
0xf4B41d0052E969cdaA00067aF38100E5023e62b3,1
0xaaB86239606e1755abDe3C0cCe833340b2A88c72,1
0x8c20ECe464E9B19fa4106405874D610633ca3594,1
0xf4E696D1CE13488Cae5549D5188d21253E429D65,1
0xAa6E2A09Eb9313Be5A4894596bA3a37f66634Ab8,1
0xC1154557bdE7AeDD3B617d28d945c7944a06f583,1
0xA3c7b9EfdBb3b226Efb62F5e570302E28F906616,1
0x09400A4A8BA1e12a0777F34DD88A574ce5822f64,1
0x3640dACe983B9f6c2aD0804AaA01D1Df882c0b66,1
0xA67B621Ea4d0F4Fb817eAc56013cC4B49f818e71,1
0x85495cc16306430Fe978C9EdD298c762aCBA3d28,1
0x4a295143D2A819Bad2324175164E06EBf1c0bc5c,1
0xa505009b25E646Ce8e63F880b9fEF025c18d4A7F,1
0xf0150f8Df098376d4687D2eC2944cDA80756e2C2,1
0x47B8980a80C58A9E550F19E7fF7AB8BB5224ea73,1
0x8E9116f9E0b227436B8d6457Bf40F3B7717a61d5,1
0xf191a4b144909ed018b4ef6ae28e2d7f46e82a05,1
0x633079F32A4e1f2Ac28661788533E8F8411a7d5a,1
0xb08DcE4a9b41eDCf18bC3acc3Da1652Dc7aF9aB4,1
0xFa2DbA0868e4B97033384368bE87507b8Bd96DAf,1
0xc5Da4Ba09f117121f1a9607125ed337Ad29071aA,1
0x4F2232c8056AB5F1B7384985db07D6eb2a308778,1
0x14f13489d3D9226804c11469670Adbe3836986D1,1
0x5b2bcDBD0708E91f92E5484c40b4Cb0332a55260,1
0x6fFCbb08925a2A710505e3cE6aaD5392b42626E0,1
0xC64ad900B687e3f86c49d74b11E1c4fc6e7B686C,1
0x533A77b6a75c76679d465C417A7876AF4a85CD66,1
0x5BF603D4972B805EbEe06B326204aeFff679594D,1
0x1175720EF98b9189362432D6984DdCdB2Ff0936c,1
0xeb2dfBFd8CBFFa45CaF944FF96B1521a3A7aE840,1
0xa9754D3a7E07DAe31F11C86f48aFc6d672ebcb3b,1
0x16C4246192772503f7487AAA35240AABD387567D,1
0x338759F4D451629EcF6F443d193012D9bf8F32C9,1
0xA4668A3D501e2B0917261754e476fBe65666cA17,1
0x2C85eF351289980141e678ADb8E2291D63e3fA54,1
0x518Ad51C960E34D884b887968b5533F1e7526edF,1
0x7e69AA5C7A4A9F7E37594c3Da71a918c218ea401,1
0x323F2BE55C8D3Ab8394d4A87f3137291314c8C8D,1
0x2c53d55732597C83F66C2A958A0bDDEe7Ec05507,1
0xe8465b2b6A00c85441fE25A2c28F819bF41C29DE,1
0x80be00EAa6f0180697b78F239E1d13c9597efCBB,1
0xaA940a3627527D8311E5D88114421e056c4273Fb,1
0x65A54db24dFFf657a8aE2a1ef11F619FDd4c6d3b,1
0x2BE68486FD2EA6A7a4C63EED04069C0002bD845A,1
0x3bF426EB4bC028B1a5B42334BFf70c869cB21526,1
0x5F48E21369f7Ff3D3e0A82C6458f36DEA54B4f3C,1
0xDCb9E3c38DFA3891B7A9d47D27d89bAc23AD6bC1,1
0x4C6D0a0D61A2a929E7F712762269ed318AE8c50e,1
0x4CBA834CA84dB941e8e794c3BAaA8736B66D5775,1
0x2ca84b996c430667be4b72d681008388292165ee,1
0x1179e21B2D596d29890aC35DCcc62484F0b515e9,1
0x6017fA86e7Cc2684a275A380F0E84cbf27280154,1
0x4290BACB6336003eeC9E0CeFc1Fc3765f3d5616f,1
0x0F5d12524922F57EA6CBF74315D2F851f278BBA2,1
0x61ba60ddef7eaceaeee5f01cc131fad0122f6669,1
0x46218bebe4a237f0064b9abebe91320a5200bdb0,1
0x612e9Ee31896d653c1895223cb002cFD7e2380eA,1
0xc64b2ef228d64f55772f534dc2c6b3de956a38f8,1
0x7041BB20EF5A0B9291893BF23f9901B7F763B46b,1
0x41924a5f9fc19b8c55c7b3c0ef987fae1793077b,1
0x8a72973e07d32d698b3c01ff632c7972dfab8b2d,1
0xce3c161078ab751bb71170de7b8097605f7c383f,1
0x9780Ee2BF2B7482eBd246cAa3fc1Ca04f9756cDd,1
0x6D9DaC2002A974fAc906e56A68b994F1b37bd52A,1
0x656bA0982CdD0eE803F603F22f77299e4e963EE3,1
0x1dF76888524c397FbB6858D7Dca17A935660B77F,1
0x10ffd770acdd7a130eb78cdc43c085323d35be17,1
0x98c811d2906c5f2dde812fb14efce46130ac5f56,1
0x3f1165827b8829f99267130e8f8f52f396566191,1
0x0fdb4e1d2086d02e7bcea0361c600795eebadc7c,1
0x7a6d508ef38a0eeeba64d53b40818f2ecb66d337,1
0x41207dc1902001aa7dd19a9b0691aebcec6f6d95,1
0xca006B4d7ee7ebeE0735Ea3C676869524E17266d,1
0xF2Ef032a8f1Da2C6a7A64C37C30D092cA6B923ac,1
0xe198a3e510d72FAdc745A4439Bf06aE75D453e1C,1
0xF10Cf84322CA4d20C41Cc76650521ce5b687A272,1
0xdb8Dc7231DE5B50B07F4B4b915a98bA0c9E03ab5,1
0x9501a831819ece49d660920eddfba4d261868498,1
0x5930591B25f5c64fDc050a2cD5dd72778B9238E8,1
0x6f2C05E42863A564203172F826b1DB545258B8B0,1
0xc5DE4B330fa259Be850B6b8AF31B0b57003623B3,1
0x8e7a1B515FDa1cB5e25360EFf72B6F2224915564,1
0x5B9708Dd3B8644eC4Ca206c34aF69a4bCa560798,1
0x42315C2087CA74244C876CBBE6De755F94F4618f,1
0x710dFCf0D418fB5364e58780C40fFc918B842A72,1
0x15d14C54befD43ab1E35312F5eB3891EDf5F3993,1
0x885a6f5153762E1409d447632BB974392cEE58d9,1
0x3741256b205FcF0E1c40F1379dAEB84c517f52D8,1
0x1E3ad35D9A5e0880a61442987773498A983faBDA,1
0x5f652Bad37E4f1417aA54C0bbB9028b6EF3f65dF,1
0x89873D21FCF7306b25464d2330D1A71050cc1698,1
0x28Eba0b9513d7005212d4627809f2b2283423876,1
0x367A53b5332727b874176ae8D0632a2f80590b1b,1
0x54D818B1feF6ab866786eC428e649fCa77101B74,1
0xbF8cF34E574cff8C56cC99b83C2801C5B1BC30BA,1
0xD100b2B28ee17C6D4a4BeE4a23846b161b07C8f5,1
0xaFB21637D4549008aF6674B89Ca17d85ee110cE2,1
0x2B01a6d4731d1603269B4ffB686522a3ED9D5f3e,1
0xefb92101f914faeb398af08e4bd5e83b974211c1,1
0x3D34BD7382b63118C19394C7CAe4d6E5b7E54119,1
0x350b824Eb3fcA6A76570221bc8337B01E3e9D795,1
0x2049F8a8baAB20e2Ee9BDcB21e4D7b057c843d18,1
0xC2125C2689DCAbbCB6afb2Cfa84f46E762cb464B,1
0xe9e9c16e16348360a11621a5662611d4088140b6,1
0x68bb2032f4b7f0156b71B2b87a9C9F30866B5ac3,1
0xDC5400dAD7ffbb61F2Cd8F3B69C3881DA2C6B951,1
0x2b28D6695D7182fC783aDD5aF2b031257E5aF2b8,1
0xbb07d0a83b694ac89508b68d432ebf25b4d1f67f,1
0xF46C2F8de5CCbC29718e0894A66E645A9C7Ede13,1
0xBD6602f9f5BbC850200B1460a57Aa5D8ade18224,1
0x9fF242724Cb7e3AfF99e87B488a9a09A38CDEb6A,1
0xDf34fc1D71D94D4e349b8e1354F4591Ec52Ab7b8,1
0xfa6ccF765D567dFe2d2F501Cb0F8273b8905750A,1
0x951258c3e166ca7f5cefac5bcd099778d5767885,1
0x3BDF8C4F5Fd8E40CAcb8DFDa2B9cA5049DF1610B,1
0x25E013359922825F811dCDcF32444C91D97171D4,1
0x7A0E8C09c5b2b14d78e194A51AA8A8c5F5D1e02b,1
0x7a1d80075582D664ba6072e4a1001B28Db303245,1
0xc25E7f2D8390B18b6AB4bEEE022698e8B58aA53f,1
0x4e9A1AFD0d773c8F95F585F28D15c4A6D880Cfe4,1
0x9705300A85160Fad13ED8430198B2fdAfBD28185,1
0xFCA49941C802218C00eF299DD3696Da516919baC,1
0xB3c3F53784787005E91C0e5D6bE9e103f60a335f,1
0xa0B9a40e8A539535b703C538bf01427dA716D3e0,1
0x98540ac81A91e51CB4264237Ab1064942cc0242f,1
0x05dCf2D321c894e1c53891B1A4A980f96DbA5F91,1
0x89212212326727b3a836C54353F92f21f9A71614,1
0xB84748b5D28a3d26423796dDa8b1C9b3091a3904,1
0x1F337862948D006AB6903FFd3BF0Cde772004f6f,1
0x8573DdcdD9459786231fA151B58B51bB7ebB8070,1
0x15a5ce2945f19C929fA33940abE98566C006479b,1
0x8766deD532796E5b1e5CCd1a63f7e1452B811caC,1
0xaAd9D834916D90B982727f770fEC7DC34b28Df42,1
0x8de4a404e626a953b467a7c6bf2f689443996f4c,1
0x58E299b1ff7D404a5436AbB0c78b1e9762749d8D,1
0x65Cb3CE9A58227C5aef7522a6e4BD27cdCE9d362,1
0x576Ccc5981e994De5841aC78846c8bc32071Ef46,1
0xEB66a844FDb39dc91Eb9BD26Ba8B6f27AaEd2dF8,1
0x27Cf02dc7261022d68923A08DC5466123654E41d,1
0x5D22e3B108ae86E805027A3B1aC2524796dfbf20,1
0x37C8dFB5C2a4b2D6B9BfD6c1606eC0DAE652eb1c,1
0x3D4AC780d07eea6b67f5bbE97f0a18D881602c54,1
0x46911a566EA69d8A0041BE2B5830c6B98238EB9b,1
0xA7e7dF03C11D98C4F13C5035c36A7Dc9B103b9C4,1
0xA236ea2194d56D54874730dcD2de9a39a47F57f9,1
0x9E37283fB2E4D9EE23dB9f217843844946416739,1
0x9eDCaBb455f5062c52B73FCc7119b0ee5dc14349,1
0x9A85CfFBA50134cb4D77404Dd99C9AdE3D499241,1
0x2Ab97866D53Adc3350Eb83B5bCF0f3011E4E4E6f,1
0x7D99C12a3BC65b303C88753Ae8a461975df91cbB,1
0xa19043CE9caC71D175EeD69396F99BC82962D101,1
0xbc293022cbc89d6c19f157c7dbd014a0659673ee,1
0x6802b0c585d6896e155c51fc422f3d5b50a37edd,1
0xA22DA506A10c7903f21b63AB34f24c04Be4ac06B,1
0x966bb30D6177799be30C0Cf5028a434386f4C5AB,1
0x876677A5E47c6E5b2a3232297827eB83BB366bf3,1
0xba651efc1D67C4f430a8583E047957FB491Aaf19,1
0x0B0Bb7239F366fA75A7e283C53fa4d1128fCbe41,1
0xe779EC893185354943e20769d8924b3FC5b7b804,1
0x398eF27c7Bec9e5b39BAc639ee150Bd418Da2768,1
0x354bEc6d54F20ffEc626cAABD17C7eAB178A6C12,1
0x6125661C400E520f1Fad6671c445Cd7A1f70de0E,1
0xeD4e07b65c27aF932122743cF7379e21E339Fd6D,1
0xB287589C36FddE17912B592570a5D427EB5f9601,1
0x2218Efd348998b7174dFEF6C099f98f15E9CCDF5,1
0xEeEEBE06E7EE122Be87a07BC61d5d0bA1a3A704C,1
0x10Dec6CE4b543E9194f847E8cAf35d0Be6d2f553,1
0xA4044d8b251Ef2A93AED3B227e92Db2B0E996dc4,1
0x48D06E654Ef2113101282FAEd3c2e8EE8e82E581,1
0xF7d6599faF20ec28AeEa198393E42D1056B04eCd,1
0xb15AC44d297F617064Ed713aC17bd85c7Fded2BA,1
0x811Efb5A98A270Fb27826f29a6f09acA46C573D6,1
0xe034262c767c21d33d851559f0d4231da58bb9c6,1
0x8378f16DAd92B8aDe9024A2FE692a1F08beA6A6F,1
0xEcfC8f120cb5eE3C334E46Fea0154F28f4A39539,1
0x77265F5B6E7AcaFd74dC68D8730A220062C04438,1
0xe1Ff120124fd38fAB69b4D8Be66E6563783008Bd,1
0x9E6566cfFFbFdA6B59f88Be1411feB2f779Df899,1
0xD6e550aF823a4F5Fe6F1df00090cdb220a913C3D,1
0x351Aa2392aA68115334A01102D5EDaBbDCDB39e1,1
0x006F2f82b798e11F37e1aD141b50282c827B5DF1,1
0x5d4E2F87ca1800C53746D28209eCF50072A4dF74,1
0x95AF6EdF1eb3a823355088a1c80401165dE28287,1
0x023847b537b812450DB3bC5D38d395314B62985F,1
0x02C6821219491c6A39E36aDe4360D47C0263B4ba,1
0xFFA3Bda4a6289773cF554f7Ed3E5822939363066,1
0x65e81cBd8EA6216f2B0d942DF0725962b6226D22,1
0x6a33CB0E541b115e2F8D93C92B9E23b6c2504dC0,1
0xf364d36635228fff35e02874ac691fb50d7caa62,1
0xf51040e6104A86ec66B0ece14E09De7d24a1eC2A,1
0x9000859361C6eC61d47Da29cB26A14CF3417f299,1
0xb9178353177EDc01a521622bB5db171219f4d608,1
0xf16b8a9b87177b6789178aa764448f5bc12fabd2,1
0x3E7f1c082F91002f5d0C912670715B5Ae2280636,1
0xe8E9b1a2fD13e9B087419B5d9bf6d32cE77B9B1E,1
0x6e997A5Fb4D8Aa8f8E60b0C2e13670aDe55d4283,1
0x5729042b4b43d73f39c965364f2f1aa22a1df5cd,1
0xc87e1e094561f30890f1d6e339eba9e701b86e56,1
0x5F3A579a606Add63ffD4D3250CDDC5298e7d9184,1
0x284C99296af12f4e5cb2dFD8d196E28BE713Acd9,1
0x79fc8a000dDfeeb012a74C49a8f40954709E0649,1
0xa61fe601D74F57C9aE2cBc550a6fAF98FCa59a0C,1
0x4252f2ECC45a017312c6cF5B7279B98054df0862,1
0xD34171F495c1897505380954c622b2293523C8a9,1
0xe19DCc59fDd455cd7920015C861cB8CFcCD53C3F,1
0x13c6f3FC315D05b9F407C2BCBca0c5802eAf65dc,1
0xD5B60Dd54432e9bE16f4f5d70628cA6aDf99409E,1
0x0FE2D60C63DBCC370dB161eFCa18d0707821Ffa7,1
0x1705A2777B895B6Fab834cb13aA876c44087A57E,1
0x5838d378dc6d76c8ff84b9d1f2fb1f5832b448e5,1
0x3E4028B1146A51873B323b4034657f75aaEF0B29,1
0x2376e670C21f110b192BBD810D4537777ec93A56,1
0x5F8EAC6b9888704d8ef73C75B5A53884f5Eba5CF,1
0x3655dF25944C3caB026b64f941a68217BAF932FC,1
0x70cD3905Abd6f12a74F8eDF95A59BEB7017004da,1
0x207a1868C0063039461b953B811eBE84d14DA5BF,1
0x269A1AAB99011deEa6Cf5FC93d3c117641bD538e,1
0x1275caf6effa6c1eeaae658149a51e9b12ddec05,1
0x5046E3Baee1C2E7d2A1e8e81F3A119214f3eEFbe,1
0x986516CDa0848DeB8e9d8463A903F08e65d51bD0,1
0xa7d493f6ebdefc3ab0f893bc84ff1b3edcf6b2be,1
0xBD69D73FdD0aA6E529c1127463d16eBBf18d8451,1
0x3287E7D87c6A6E25bDc117B6Bd049805d21b3c04,1
0xFe972E8C4C26b7C1499D4c2004aCE34d8E7e7fc7,1
0x6F59Baa678cAC02C30a51e21360E202A711BB711,1
0xAB0dea681bD8648Ec853505c55c6Ef477E5552F8,1
0x8eBAB826805317B032c4F0bf15E168d62E998037,1
0xdFE97411d48A10BDca4083d00A49feA007BE2e24,1
0x183aEFb162c109F9139947067A024976aAD31D0f,1
0x5f0805F9b45928Af17cC9C546D71523598FC9bD0,1
0x384002FBDd9ea29D54891cdd20b1b021e35fb725,1
0x59fEccd234f6a3c1B5AeA6a132307cc2AFe8F68e,1
0x383934ed5456485360962b667a6a51a5ce6e44a1,1
0x6c889a40cc7111c7becc927b37ccf2c5f040e37b,1
0xF0e4E8979a5F10a2c5299DB0fF496B8B5f107ffc,1
0x42F39CA4D5623257BbaBB42286273640429Bd846,1
0x7b5cEC17D42cEb1A274D1A5844aFFfcC2E867451,1
0x0427Beac9D1E02822706A333dfaBbC2CeeB436a2,1
0x02f25C5d8Cef1da3ACD5c651dB0a16B85c18D233,1
0x9fC5Ce322f6136452A1008876543177464cE947E,1
0xa442C2f62B27F42872FaeFa514108a121B79737B,1
0x8811c48d9b6d4c145b77cb7839faefdba230df70,1
0x54ee298ceddb308f67cae76e9391a1e329d701b7,1
0xa5cd556ed4047028e3dd194cda0167e07b27c1af,1
0xe64411317a60edcbdafb3e60698821385b609d02,1
0xba3d97af25fd46236a89b0b1f4d11c5bc576291a,1
0x713EEE13A1976c658ce7B61B22C3456af6550665,1
0x05872d51594bf95ffff14a4789e05b939ba74a2a,1
0x4b6733fd7baff93637c9fe5d7c6c821aeadcba24,1
0x0855B2bd3f00DACD187Ed49647a6eB3701491bE9,1
0x7FEc73F64747d8E5b0e00C8552BE6A9F88Cd2cC5,1
0x5ccff84B6D86De4B085c786c671Cbe14aBAA96F4,1
0xdbbd65026a07cfbfa1aa92744e4d69951686077d,1
0x95Fd14Fe9B1dFA4B2940D56fcada1814057F56B0,1
0x944eb0FB9992ab341Af46c9243d5ca4884caDB6E,1
0xa9B099DacD692696d51a060e29E7a5DE1EF6464b,1
0x6627F796f092B84b406981c1E4ce81F9A4Fb43A5,1
0xCF1043e491edfA76639C2f2792f01f9eb2089AEe,1
0x74ebc8e018990f4ca8cc56739c0091a40485030f,1
0x33ccfffF2Fe2271ef703bacd79688b45E1F29d4B,1
0x2a220ce59558b5a12a6da0333a34d81be9426d57,1
0x49B627aB3bED5EF8d04D04c558660b7DEB5FE2D6,1
0xf4119ddd73f2869e4e4b72f74ff64630afa91c8c,1
0xd932befae1ef59ca67084d59c3c0380094db09cc,1
0x89C5EC685f19D3CA2f7B59E7453d5D657cfB2520,1
0xb2b84a1d060cd51EABF2737E4028946FB6Ec1ae5,1
0xD5C6Ad4257eAEeb370371B62595767dBd906E979,1
0xd6be965754b6d71da370d7f6a251fbf5b58fb97c,1
0x4a34de841ea22fab87f8e3c0f6ed8e67700e62e5,1
0x287968213cE2d67D8634c9f6FEe8060C7b6562EA,1
0x803fbaF8A634A2c3fcd158f6e22bB11f2DD4df06,1
0xba6b3F9f421a92F9f983812a71bBaD54981e95eD,1
0x4C6a241950320f2fe9C945aC63FF59F5E64f4E17,1
0x79e681dbaE2f58e0e69a335F8F6FC228e1597DC5,1
0xecf5fd31f84ef1dc7e574fc215754d2c36cc6831,1
0x9a149CE4bcCc6a2F9f615f4CE273D0C38B12E075,1
0x35bbc345EE3b822b447C1C24a4D4513B8db3b548,1
0x15Db56a2ad7a3721D03786e3af57d20701B406A0,1
0xf55659f16d6e05a5a9a71847aa652b560035e57e,1
0x8A32c1D54f79B3280c9720635D1F5b68FD1619d7,1
0x3Accb30Fb3390B791E0e9C7C3e01Ca594a08F5BA,1
0xb80164ab2C8bf264a186cC1Bd30569dd6f002B8C,1
0x3E8FB6c171C4512ed1e7C478C7dcBf1063d32762,1
0xC620D487366eC1FD0143853d81edE4a7cDA4A135,1
0xC88E2d5E7C29E78F0ad6aF55e07c0A411Ea35a60,1
0x8D20D840a6c41AeFb495CEB787d200Ab3159e8B9,1
0xD070575d9B409f71e1CEDF39c2A90becb422b00C,1
0xc1Ec362e761f5d4206160ea77eBA4d33ef28Afa1,1
0x7b87d2182DE08ec65f073769270767d60deccBA3,1
0xAaDd98e5D5a0D5888bf83F62062f980bE43E8Ab2,1
0x426F462cC7267d217751857c9C48774ad5851589,1
0xeF724ec9F47277297831e39F4fFFeBe1D1CF51cD,1
0x1050B744B8074a0B06d084caa7d845D70ff54EEf,1
0xdF1c61831a1d5C74320d818940FC7b5FAFd6ed6B,1
0x93cA8d6F41972F220C064de4dE9Ee8D1b15E0e0b,1
0x32837A8998D4fF5d29475f8d0280284F5C7D2897,1
0x88Ce2A32f362c2e57b4399025dbd3C602dd4012f,1
0x7d3DCAdd98C4196f58c3d6c591B1D3692Bb43882,1
0xEc17BB1EA11BfC29F51ECe4768b97191182c9237,1
0xDB48CC86cC41387Ba9d343c4Da538D7EB3da7C71,1
0x0DCeed623E9c12C4E0557Be5743172a0AA7238B3,1
0xdB84a9103A8Cb81d9aEDa803AB5BB4Ef0f6D3432,1
0xA9648558e1B41010021a07F11e6671d63BB45C49,1
0x0182DB475a62289Ae124342C772ABbF75b2A6E7B,1
0x08f3f2665c7df17a99fc7c90e79808d533848b8a,1
0x6eCdcbf2Dd570364b2D2a4996ffb4b23CD132Eb2,1
0xF7d8427882d36146c58821C19aA04eBEB63195Ab,1
0xeE87A1A54FB6611983d6Ac61E1985057108b5858,1
0x3e37993AC9AA60BBBD3591E704d5110f1cB0fd6D,1
0xfeCc86F60887373c4CDF736f7f7be29C52D12a91,1
0xa76272077Eb241Fb26aEF805a9006ACe7ce36F07,1
0x31FB2A30B8B5082425A4463b548d8ec894FEA8C6,1
0x739974e9444695A514190Ad6A2856331d807022D,1
0x814B89e1432B1B005dF52144AB00398ff6060249,1
0x3ad619Cd4297416A01b611D907140B1EA7239038,1
0xF0b1B6AC8343c0a26f84483C9B4F840cbd573004,1
0x7973476bb5e5De06E7acD55C7F90B3fc3293F18C,1
0x7f0e5aa52d7ef7d8b2806eaca76f9e23a71c0154,1
0xeEba50E9F367CcA41dBB8aa6EF5CCcfdAC80A18B,1
0x931f8e426045CBA2E133218f9b5DaeA87C768066,1
0xD31565DAAe92C3345f7Dd4d550952cC93DB30Ec2,1
0xa7c942220d94d8ddb3cd9a867545683f8ca66ed2,1
0x9A5EE68eD0416F13da02bA6b7d2AfC15FB6300FE,1
0x9060946A0F7d4dc8e640EB7e12C01E79D76Dbc5e,1
0x8ABa7cCC59794F5c8Ad95a16f31DBc6Ff9D17DE2,1
0x223ea6e39ee78ee10844ee275a713e9ca6711554,1
0x0fa9145aa6b4847967a33dec7547dc9e3d40bf66,1
0x7cAf064e63C312DE605fFDE5e65fedf09Ca7789b,1
0x05fA2d872DeE33CFf32C5c96099f5251653A0C8E,1
0x6CED035e5451aA291bdfB3C8C5fA4165961bAbcF,1
0xea732f8c4146498D8DEcE562120CAB117Fb6690A,1
0xea2e845accfcd455a2e5523a45485b79b039cc95,1
0x48dc03ea4fd61bd3d661c0df88af09905bc8d761,1
0xf007a126c48f6c5a06432274e421e65d4a67fe60,1
0x7CAcCbeFE90822c654D70d23e233951D422eDf7d,1
0xa854399048cDC634250011eaBAD3B5Ad57e16B48,1
0xBbaAF186e18801294c6c47E443f4536F28C3cc29,1
0xeb4f9F1877f14E67D4242F44eBDBE30c3cB22820,1
0x73dab47f917fe356dccae20b5d901197dcb8c4e2,1
0x2a81A4D7e1B9133bed47Caf5d1183578e69ae0bf,1
0xf87a82049e3ecfb3755f85e013427538020bc898,1
0x03405138094d63EA0a4332461DdE4914fCD6450c,1
0x05b41d52eBbB279e2C3a04c2b2355d6159D28887,1
0x0E04cE7fe9c1BADb8de9c67296CD75CC03f58876,1
0x245A01aeD2fE334cF0075A3119541a37527D63d2,1
0x02c226D16079bCe92a9a159A56297855Bd2936E8,1
0xa785a1fd05a0c006b94484f124f6f420e6e50834,1
0x4847c1005713f1a4a92bc412216ae9bb3ba515c6,1
0xcd9ce365bfded29e4061f1dd637d5c211ba9c0e9,1
0x1e1f1537790a1396b47eb411c1af8b586a1dd415,1
0xe707ad291d233e93d26fa31e556471d847ace987,1
0xb8a1960b46893cc2d330156605b40c331f1a4877,1
0x9fcab2301410dea16eaef0b57286292e4022f01e,1
0x4ba613d536028dfd3df5944011f96b988daf844e,1
0x4179fe925903a4e9fce03638706234ad869e12f6,1
0xe36b83dc5e882c308fadeaaa6238c14beeb00d0b,1
0x2050abbA73B4Cbbd15b254c18CCB821899Dc8db0        ,1
0xF18b6c9cfb23Ba52FFc913d6911Be8057820bc34,1
0xb460348Ee617A4F3946b0dfCae89aD4232384739,1
0x458a37Faf188C998BD4026185cFf3087A39189fF,1
0x70Fc3Bee1494535d3c28F9AFa6AC065e0f116CD9,1
0xd39D508f0745749C09dc56041A038aC12e7FF9d0,1
0x09B3DaCce538FA9b7d6E10B96C6033E264f317bE,1
0xeD544cBE3caFB0f5f6237bD3aE27d0e501719214,1
0x2F49C6135971b4078Dd84c85fE2eDfF1Eb62A0a2,1
0x792F97ADa4142b26c23a74ce5130fF917ECD3A97,1
0x6113780022789a9fa5e3430b3b87b3657ca716e7,1
0x0Adca6e14bA956201D221feC767e4f24194bf5F2,1
0xfF97eC2eBe34655aCB18E85B38a4248677FA3efC,1
0x703B4176Ea553682cA8A89B924799dd57fb4C940,1
0xd8A4AdA4Ca76Cd5F27a082dAB8cC12b29C7bf34a,1
0xF1eCc2862e88379864CAA511c39C4116Ff170FC3,1
0x91EFB55E0a92C59B619FEd8282Ed43E0c93fb02e,1
0xa91ac3e204a03f14bd084f4ceb9e39aa1b012f53,1
0xa15310A349e9BC3187C7d4066C05BBDE2EAE84dd,1
0x7F6EbC7c160D2f8d72cAaB9D66f432D89777Dcc2,1
0xae1CC898A65d9a7eE1578B510dcFe5b11bE2c5f9,1
0x7897df94ffaed03cecded801af9877ed868d0b03,1
0xc2984Df8447ac03B8eBB417d5A19770c63d0c3de,1
0x25d982c8900d113c625e7f15b96f41b8c228840a,1
0x47a5cb58f44b9b1e3fed0e1654243bdd666987ad,1
0x3d91aca85E629C69E878B25CE2d08C9e1Fbd1902,1
0xd96CEB1036828e29d00Fde0B239CF6C72c1Afffc,1
0x44C3640982D3E1593376A334Ba8cA371efB4F8E9,1
0x01EaDCf0A977c57903F8A4a64fFDEab15587c812,1
0x9c49adc1b63a1517f78bcf4f53e7c010b54b80ca,1
0x1400226D8A35fC8a8ae8a129d203438c407B154f,1
0xC38b5a317ac7B929FF6E6B1f4a9fb82374D819bE,1
0x254C68763162D8C066bd3F96C25fd3F334558596,1
0x81f804E7BA045c728c4Ea735691bA51d4EE63E6E,1
0xC4890Bc98273424a18626772F266C35bf57FA56A,1
0x292015d011d947c1b1EF2E3034Ea02e77aa90ebD,1
0x81404F59F5D76EeEB3cF52bC433D38F2fb85cc4C,1
0xAEcF5a4dA2cD10A05134Dfacb5de59df82dC3427,1
0x91effd7377b27d4c3b5928f671664be52178cdee,1
0xB2F983B5761194430726aE6a5462d94b9726eAB5,1
0xfA01e504A95fA9568Bfed17De4f006d338C74e94,1
0xe80bede5747077744f6315eaaa077d0347960d2f,1
0xb9eb0f10d0972e56acfb6602101313ce1dc8170f,1
0x044e427F262c3a3329afE4eD86B8F5B3f0a9484f,1
0x90A69de07ADEEDBA5d2f2D0afdc0f4D9aFFcbA4F,1
0x4AB9D522868b9Ce261a419132402dA5e70C11D29,1
0x33c9e778317277b98A4AD4b8B8B4F2B1e207A1D9,1
0xa325a99CE99C8356c78e35e7768e3d20F78f59f7,1
0x996CfE88d22Ea32fBBf3d96E87A50331532eC2B0,1
0x1c8a0436c05e08d24adddfe7cb9e14e2ae7aa6fc,1
0x8CE2D642C5585F964f67BBAB9D0b02d070AC641d,1
0x6dAd4E9B452cbA282fEfd76cdF7c85e774Ca345a,1
0x355C966328BfCf5c354057fcd25F6ADA307FF670,1
0x507178637bF004146EDeDD60a97daA406147f6A2,1
0xd40fd916d7fcf59e577c92323711e97c0f04bb80,1
0x06A3920354fcf9529FBbE3a0A4bB436e5538be9a,1
0x0aE6e0007F765f882cA9Bd565a106713fa60BCF4,1
0x0083Ea31949BC017C8e3F8C362DCD241573AC185,1
0x069fBF122AA3D99F336915b04f75bF896e3D2c41,1
0x4F5c5408d39cbEBd89A748419707fA6CFd6fcFe1,1
0x80f542CDB44195F771561982edc96F0154fb1Ea9,1
0xafb15CB1e3C457B6cb0090e8ef22F2CbE0d1a52E,1
0x7a77b0159270488c15a1a435a3bb2799b1e15461,1
0x31C18d2B04FcF9e98804CcdA7d7E3eF1C8cf0F6C,1
0x2D2a11746F71ABd34A732356dA252d3eC3074a47,1
0xfe4E045F2541e5Ad3de7149463A7cdb953CB4Bc2,1
0xf37c09b89fbddb576a88008faebc707aba20dee7,1
0xFC259ca1aD936B44F7a654B3420F618dD11E8638,1
0x2Fa7dA2B55d6f70055A9D77a35e2b9c1231e15F8,1
0xc6dc654b5aa7969a24c7e4442a52e61fb8b24827,1
0xAB86Bf18aE2e75d2E40574b3521925eb2CdbA1f8,1
0x2d57F610D5c3308735f44192b0AD142f414A3D4b,1
0xf3cA7BBc0360d722B8D9d5dcC70fc6755Eb954b0,1
0x5a3987a667326cbed1a3a327229d44288a3a77b6,1
0x700c4a099276fe1fb094eC7Aa45375b0bcd96703,1
0x67928372E025316f5B21F8fEa5029027EB7D7415,1
0x18420375bfE559A1d4494f796D6D1BdBbF7070dC,1
0x376723c8f43953725b10f9c6c39e296e3afb7b0d,1
0xDD5092140BD4A26F8dd8a5D9C2A8E1C37F5b7C43,1
0x79155bF78b240bf43849DE68797ACbf8EACC07B6,1
0x1e7fB09046806F43297c345f4094DE00E005546a,1
0xE37bD35bBae0f25F298ED38C4229b55f423420A9,1
0x2B0f38BdCA73C4B5C403104E20AdaAc2b63CD94f,1
0x87c5c5aCAde9b2c651ED77bE0A235588D4094a51,1
0x80a1a5e4EDdfbE70ee947c7e59E2aa9b44Da68db,1
0xF81a48410c448B1D587Be9BBB3b23938e9F4BFd4,1
0x0202084E3a7F103E3B9731654b9D59c76bAb518D,1
0xBb54E10B7fd77F5438A5fFf219F0188cBD04298d,1
0x7ad1c0603222633ed1dc9c8416d886b3861eab78,1
0x9f48752D0EAc731117da7499b1274543716f7d0c,1
0x95834dF945dA087e096733Ee81aFbaDba1Dfb369,1
0xA4C64e81Cdd162180BB7D0b4c3b50Cd52372B40A,1
0xf320aa3094840DDd294B7968e1e8d922a33F5829,1
0x04e7882988c9be3Bb3fA1A7aa96af7e62464e752,1
0x8c193faeB3dD78711bdb5a849C9573432fAD1CDD,1
0x0ca6833a8E7F53601D11a36C5a71B96a68766733,1
0xe34E0A3C4E30c2caFE0c841Dcd69d530e887972b,1
0xf0177863A8C8A0daF1afe56cb019f6E80CA15e6b,1
0xb626BF8Fde033a575356BB7f757f0833E5aDA8D2,1
0xf2F5dA9a4Bc63F9aA77aC67f8Ca2700E8218dEB1,1
0x7FA68E0C162496aE5368Db5d9CbdA0E80e9a8109,1
0xab3c035b68497a586bdbbd1092337d83e6c7015d,1
0xF6C4D5A26963644dedb4001EDB9693afa6f0c3EF,1
0x9737d52939b59773b824f57917512506f92d594b,1
0x24dA012F99346d8d863a6a69008Afa0F19A50e31,1
0x82faDcaC6D447D15B3BC5C00ed9a274bd7e1F5eA,1
0x76dAb6bCe9BbDbA28D562703AbDCAC2774c9f2DC,1
0x11a566A145E7D8CA52bE20a80813dB48B7da206E,1
0x074e960a500e4bc88ae71aef60349eb012b0a97f,1
0xbE7B96c3870BA687321feD38d32998580Cb6d4A0,1
0x2dbe67F9a075dB19D442a055Ed09071e7aC033Fd,1
0x61616123572a8edB2B5A321DA1abF97BaB7eF7A2,1
0xdA035D4E5DfA3deFA9cd5a57d5c2E41B1546a1d2,1
0x82dcc308fAe6510bd3228a7597cf11F8b03d8e4B,1
0x83C138CaF6c727B398BCC94d35Be9038BCe78969,1
0x5e9d0dC472bC30B25D8266cc22DbB5C6472a9Fb2,1
0x4bda40154726278A2E788d05938064083AC981D8,1
0xEbe6d2856EAE02EA73dd813173b953B197Fc2543,1
0xe70f4c1EdA8955f7306c25Fe3fa1635297a7f95c,1
0x95E484947586BAC21A826224b652a6B0b316FB12,1
0xa1D84284888a2D75E5cAb09c4A4d7D51e295D9bB,1
0x81C3d5Ed4c163a83AB94AEbcb2A631CD8DD96182,1
0x646c5E51eb2D9EBF6e875368e66c23D2882865e1,1
0xDe029bf436219b4A3858C92CA4b32177003ECB66,1
0x3b88c4B461D78E19f22bCF18009b4Ea3243579E4,1